COURSECODE,COURSENAME,COURSENAMEENG,CREDITMIN,CREDITMAX,CREDITTOTAL
320219,การโปรแกรมเชิงวัตถุ,OBJECT ORIENTED PROGRAMMING,3,3,3
320220,การสร้างโปรแกรมบนเว็บ,WEB PROGRAMMING,3,3,3
320221,การสร้างโปรแกรมภาษาจาวา,JAVA PROGRAMMING,3,3,3
320312,โครงสร้างข้อมูล,DATA STRUCTURES,3,3,3
320212,การเขียนโปรแกรมภาษาซี,PROGRAMMING IN C LANGUAGE,3,3,3
320317,การวิเคราะห์ขั้นตอนวิธี,ANALYSIS OF ALGORITHMS,3,3,3
320320,ระบบสารสนเทศภูมิศาสตรขั้นแนะนำ,INTRODUCTION TO GEOGRAPHIC INFORMATION SYSTEM,3,3,3
320321,ทฤษฏีการคำนวณ,THEORY OF COMPUTATION,3,3,3
320322,การพัฒนาโปรแกรมประยุกต์แบบไคลเอนต์-เซิร์ฟเวอร์,CLIENT-SERVER APPLICATION DEVELOPMENT,3,3,3
320411,ระบบปฏิบัติการ,OPERATING SYSTEMS,3,3,3
320417,ปัญหาประดิษฐ์และระบบผู้เชี่ยวชาญ,ARTIFICIAL INTELLIGENCE AND EXPERT SYSTEM,3,3,3
320421,ยูนิกซ์ขั้นพื้นฐาน,UNIX FUNDAMENTALS,3,3,3
320422,ภาษาคอมพิวเตอร์ยุคที่ 4,FOURTH GENERATION LANGUAGE FOR COMPUTER,3,3,3
320423,ระบบผู้เชี่ยวชาญ,EXPERT SYSTEMS,3,3,3
320424,การเชื่อมต่อเครือข่ายคอมพิวเตอร์,COMPUTER INTERNETWORKING,3,3,3
320425,ปฏิบัติการเครือข่ายและรบบปฏิบัติการ,NETWORKING AND OPERATING SYSTEMS LABORATORY,3,3,3
320491,สัมมนา,SEMINAR,1,1,1
320761,หลักการการรับรู้จากระยะไกล,PRINCIPLES OF REMOTE SENSING,3,3,3
320762,การประมวลผลภาพเชิงตัวเลข,DIGITAL  IMAGE  PROCESSING,3,3,3
320780,การประยุกต์ภาษาซีในระบบสารสนเทศภูมิศาสตร์,C  LANGUAGE  APPLICATION IN GIS,3,3,3
320891,สัมมนา 1,SEMINAR I,1,1,1
320892,สัมมนา 2,SEMINAR II,1,1,1
320899,วิทยานิพนธ์,THESIS,1,12,12
320494,โครงงานคอมพิวเตอร์,COMPUTER PROJECT,2,2,2
320102,การใช้คอมพิวเตอร์ในวิธีการทางวิทยาศาสตร์,COMPUTER USAGE IN SCIENTIFIC METHODS,3,3,3
320103,คอมพิวเตอร์เบื้องต้น,INTRODUCTION TO COMPUTER,3,3,3
320215,การเขียนโปรแกรมภาษาฟอร์แทรน,PROGRAMMING IN FORTRAN LANGUAGE,3,3,3
320419,การจัดการศูนย์คอมพิวเตอร์,COMPUTER CENTRE MANAGEMENT,3,3,3
320481,เรื่องในแขนงวิทยาการคอมพิวเตอร์,TOPICS IN COMPUTER SCIENCE,3,3,0
320211,การเขียนโปรแกรมแอสแซมบลี,ASSEMBLY LANGUAGE PROGRAMMING,3,3,3
320213,การเขียนโปรแกรมภาษาโคบอล,PROGRAMMING IN COBOL LANGUAGE,3,3,3
320320,ระบบสารสนเทศภูมิศาสตรขั้นแนะนำ,INTRODUCTION TO GEOGRAPHIC INFORMATION SYSTEM,3,3,3
320219,การเขียนโปรแกรมเชิงวัตถุ,OBJECT- ORIENTED PROGRAMMING,3,3,3
320221,การสร้างโปรแกรมภาษาจาวา,JAVA PROGRAMMING,3,3,3
320321,ทฤษฏีการคำนวณ,THEORY OF COMPUTATION,3,3,3
320313,การประมวลผลแฟ้มข้อมูล,FILE PROCESSING,3,3,3
320323,การประมวลผลภาพทางการแพทย์,MEDICAL IMAGE PROCESSING,3,3,3
320416,ระบบสารสนเทศเพื่อการจัดการ,MANAGEMENT INFORMATION SYSTEM,3,3,3
322341,ปัญญาประดิษฐ์,ARTIFICIAL INTELLIGENCE,3,3,3
322352,การวิเคราะห์ขั้นตอนวิธี,ANALYSIS OF ALGORITHMS,3,3,3
322372,การวิเคราะห์และออกแบบระบบ,SYSTEMS ANALYSIS AND DESIGN,3,3,3
322421,ปฏิบัติการระบบข่ายงานและระบบปฏิบัติการ,NETWORKING AND OPERATING SYSTEMS LABORATORY,3,3,3
322721,ทฤษฎีการคำนวณ,THEORY OF COMPUTATION,3,3,3
322741,องค์การและสถาปัตยกรรมคอมพิวเตอร์,COMPUTER ARCHITECTURE AND ORGANIZATION,3,3,3
322726,ระบบแบบกระจาย,DISTRIBUTED SYSTEMS,3,3,3
322732,การพาณิชย์อิเล็กทรอนิกส์,ELECTRONIC COMMERCE,3,3,3
322744,การบริหารเครือข่ายคอมพิวเตอร์,COMPUTER NETWORK ADMINISTRATION,3,3,3
322753,การเรียนรู้เครื่อง,MACHINE LEARNING,3,3,3
322771,หัวเรื่องพิเศษทางวิทยาการคอมพิวเตอร์,SPECIAL TOPICS IN COMPUTER SCIENCE,3,3,3
322892,สัมมนาวิทยาการคอมพิวเตอร์ 2,COMPUTER SCIENCE SEMINAR II,3,3,1
322898,วิทยานิพนธ์,THESIS,1,44,44
322214,ขั้นตอนวิธีและโครงสร้างข้อมูล,ALGORITHM AND DATA STRUCTURES,3,3,4
322334,การพัฒนาการประยุกต์แบบรับ-ให้บริการ,CLIENT/SERVER APPLICATION DEVELOPMENT,3,3,3
322311,ทฤษฏีการคำนวณ,THEORY OF COMPUTATION,3,3,3
322232,ภูมิสารสนเทศขั้นแนะนำ,INTRODUCTION TO GEOINFORMATICS,3,3,3
322251,การเขียนโปรแกรมจาวา,PROGRAMMING IN JAVA,3,3,3
322472,การพัฒนาและการจัดการซอฟต์แวร์,SOFTWARE DEVELOPMENT AND MANAGEMANT,3,3,3
322495,โครงงานคอมพิวเตอร์ 2,COMPUTER PROJECT II,3,3,4
320316,การประยุกต์คอมพิวเตอร์ในธุรกิจ,COMPUTER APPLICATION IN BUSINESS,3,3,3
322103,คอมพิวเตอร์ขั้นแนะนำ,INTRODUCTION TO COMPUTER,3,3,3
322104,การเขียนโปรแกรมเชิงโครงสร้าง,STRUCTURED PROGRAMMING,3,3,3
322322,เครือข่ายคอมพิวเตอร์,COMPUTER NETWORKS,3,3,4
322748,ความมั่นคงเทคโนโลยีสารสนเทศ,INFORMATION TECHNOLOGY SECURITY,3,3,3
322743,เครื่อข่ายคอมพิวเตอร์ขั้นสูง,ADVANCED COMPUTER NETWORKS,3,3,3
322494,โครงงานคอมพิวเตอร์ 1,COMPUTER PROJECT I,3,3,2
322497,หัวข้อพิเศษทางวิทยาการคอมพิวเตอร์ 1,SPECIAL TOPIC IN COMPUTER SCIENCE I,3,3,3
322498,หัวข้อพิเศษทางวิทยาการคอมพิวเตอร์ 2,SPECIAL TOPIC IN COMPUTER SCIENCE II,3,3,3
322233,การจัดการแฟ้มข้อมูลและฐานข้อมูล,FILE AND DATABASE MANAGEMANT,3,3,4
322121,องค์ประกอบคอมพิวเตอร์และภาษาแอสเซมบลี,COMPUTER ORGANIZATION AND ASSEMBLY LANGUAGE,3,3,4
322211,ขั้นตอนวิธีและโครงสร้างข้อมูล,ALGORITHMS AND DATA STRUCTRES,3,3,4
320318,การค้นคืนสารสนเทศเบื้องต้น,INTRODUCTION TO INFORMATION RETRIEVAL,3,3,3
320412,การวิเคราะห์และการออกแบบระบบ,SYSTEMS ANALYSIS AND DESIGN,3,3,3
320414,วิศวกรรมซอฟต์แวร์,SOFTWARE ENGINEERING,3,3,3
322782,ปฏิบัติการทางเทคโนโลยีสารสนเทศ 1,INFORMATION TECHNOLOGY WORKSHOP I,3,3,1
322783,ปฏิบัติการทางเทคโนโลยีสารสนเทศ 2,INFORMATION TECHNOLOGY WORKSHOP II,3,3,1
320416,ระบบสารสนเทศเพื่อการจัดการ,MANAGEMENT INFORMATION SYSTEM,3,3,3
322111,การเขียนโปรแกรมขั้นแนะนำ,INTRODUCTION TO PROGRAMMING,3,3,4
322231,หลักการพัฒนาซอฟต์แวร์,PRINCIPLES OF SOFTWARE DEVELOPMENT,3,3,3
322234,การรับรู้ระยะไกลขั้นแนะนำ,INTRODUCTION TO REMOTE SENSING,3,3,3
322252,การเขียนโปรแกรมจาวาขั้นสูง,ADVANCED PROGRAMMING IN JAVA,3,3,3
322253,หลักภาษาโปรแกรม,PRINCIPLES OF PROGRAMMING LANGUAGES,3,3,3
320315,การโปรแกรมระบบ,SYSTEMS PROGRAMMING,3,3,3
322891,สัมมนาเทคโนโลยีสารสนเทศ 1,INFORMATION TECHNOLOGY SEMINAR I,3,3,1
322892,สัมมนาเทคโนโลยีสารสนเทศ2,INFORMATION TECHNOLOGY  SEMINAR II,3,3,1
322898,วิทยานิพนธ์,THESIS,0,39,39
320311,องค์ประกอบระบบคอมพิวเตอร์,COMPUTER ORGANIZATION,3,3,3
320313,การประมวลผลแฟ้มข้อมูล,FILE PROCESSING,3,3,3
322361,สถาปัตยกรรมระบบคอมพิวเตอร์,COMPUTER SYSTEMS ARCHITECTURE,3,3,3
322331,การประยุกต์คอมพิวเตอร์ในธุรกิจ,COMPUTER APPLICATION IN BUSINESS,3,3,3
322332,คอมพิวเตอร์เรขภาพ,COMPUTER GRAPHICS,3,3,3
322333,ระบบฐานข้อมูลขั้นสูง,ADVANCED DATABASE SYSTEMS,3,3,3
322335,ภาพเคลื่อนไหวด้วยคอมพิวเตอร์,COMPUTER ANIMATION,3,3,3
322351,การแปลภาษาโปรแกรม,TRANSLATION OF PROGRAMMING LANGUAGES,3,3,3
320420,สมรรถนะระบบคอมพิวเตอร์,COMPUTER SYSTEM PERFORMANCE,3,3,3
320418,การพัฒนาและจัดการซอฟต์แวร์,SOFTWARE DEVELOPMENT AND MANAGEMENT,3,3,3
322321,ระบบปฏิบัติการ,OPERATING SYSTEMS,3,3,4
322724,การออกแบบและวิเคราะห์เชิงวัตถุ,OBJECT-ORIENTED DESIGN AND ANALYSIS,3,3,3
322726,ระบบแบบกระจาย,DISTRIBUTED SYSTEMS,3,3,3
322744,การบริหารเครือข่ายคอมพิวเตอร์,COMPUTER NETWORK ADMINISTRATION,3,3,3
322746,การคอมพิวเตอร์แบบกระจายและขนาน,PARALLEL AND DISTRIBUTED COMPUTING,3,3,3
322752,เครือข่ายประสาทเทียม,ARTIFICIAL NEURAL NETWORKS,3,3,3
322772,หัวข้อเรื่องพิเศษทางเทคโนโลยีสารสนเทศ,SPECIAL TOPICS IN INFORMATION TECHNOLOGY,3,3,3
320111,คอมพิวเตอร์เบื้องต้น,INTRODUCTION TO COMPUTER,3,3,3
322754,วิศวกรรมฐานความรู้,KNOWLEDGE ENGINEERING,3,3,3
322374,การประมวลผลภาพทางการแพทย์,MEDICAL IMAGE PROCESSING,3,3,4
322441,เครือข่ายประสาท,NEURAL NETWORKS,3,3,3
322461,สถาปัตยกรรมข่ายงาน,NETWORK ARCHITECTURE,3,3,3
322462,การเชื่อมต่ออินเตอร์เน็ต,INTERNETWORKING,3,3,3
322471,การจัดการเทคโนโลยีสารสนเทศ,MANAGEMANT OF INFORMATION TECHNOLOGY,3,3,3
322490,สหกิจศึกษา,CO-OPERATIVE EDUCATION,3,3,6
320101,ไมโครคอมพิวเตอร์และการใช้งาน,MICROCOMPUTER AND APPLICATIONS,2,2,2
322373,การพาณิชย์อิเล็กทรอนิกส์,ELECTRONIC COMMERCE,3,3,3
320218,การเขียนโปรแกรมภาษาอาร์พีจี,PROGRAMMING IN RPG LANGUAGE,3,3,3
320214,การเขียนโปรแกรมภาษาเบสิก,PROGRAMMING IN BASIC LANGUAGE,3,3,3
320216,การเขียนโปรแกรมภาษาปาสคาล,PROGRAMMING IN PASCAL LANGUAGE,3,3,3
320217,การเขียนโปรแกรมภาษาโปรล็อก,COMPUTER PROGRAMMING IN PROLOG,3,3,3
322362,สมรรถนะระบบคอมพิวเตอร์,COMPUTER SYSTEMS PERFORMANCE,3,3,3
322371,วิศวกรรมซอฟต์แวร์,SOFTWARE ENGINEERING,3,3,3
322722,การวิเคราะห์และออกแบบขั้นตอนวิธี,ALGORITHM ANALYSIS AND DESIGN,3,3,3
322723,ระบบปฏิบัติการ,OPERATING SYSTEMS,3,3,3
322724,การออกแบบและวิเคราะห์เชิงวัตถุ,OBJECT-ORIENTED DESIGN AND ANALYSIS,3,3,3
322725,วิศวกรรมส่วนชุดคำสั่งขั้นสูง,ADVANCED SOFTWARE ENGINEERING,3,3,3
322731,เทคโนโลยีอินเทอร์เน็ตและวิศวกรรมเว็บ,INTERNET TECHNOLOGIES AND WEB ENGINEERING,3,3,3
320781,ระบบสารสนเทศภูมิศาสตร์,GEOGRAPHIC  INFORMATION SYSTEM,3,3,3
320314,ระบบการจัดการฐานข้อมูล,DATABASE MANAGEMENT SYSTEMS,3,3,3
320316,การประยุกต์คอมพิวเตอร์ในธุรกิจ,COMPUTER APPLICATION IN BUSINESS,3,3,3
320211,การเขียนโปรแกรมแอสแซมบลี,ASSEMBLY LANGUAGE PROGRAMMING,3,3,3
320213,การเขียนโปรแกรมภาษาโคบอล,PROGRAMMING IN COBOL LANGUAGE,3,3,3
322711,หลักการภาษาโปรแกรม,PRINCIPLES OF PROGRAMMING LANGUAGES,3,3,3
322733,ระบบฐานข้อมูลและการออกแบบ,DATABASE SYSTEMS AND DESIGN,3,3,3
322751,กระบวนทัศน์ปัญญาประดิษฐ์,PARADIGMS OF ARTIFICIAL INTELLIGENCE,3,3,3
322761,เรขภาพคอมพิวเตอร์ขั้นสูง,ADVANCED COMPUTER GRAPHICS,3,3,3
322762,การประมวลผลภาพดิจิทัลขั้นสูง,ADVANCED DIGITAL IMAGE PROCESSING,3,3,3
322891,สัมมนาวิทยาการคอมพิวเตอร์ 1,COMPUTER SCIENCE SEMINAR I,3,3,1
322897,การศึกษาอิสระ,INDEPENDENT STUDY,1,6,6
322899,วิทยานิพนธ์,THESIS,1,12,12
322734,เทคโนโลยีสารสนเทศและการจัดการ,INFORMATION TECHNOLOGY AND MANAGEMENT,3,3,3
322735,เทคโนโลยี XML และการประยุกต์,XML TECHNOLOGIES AND APPLICATIONS,3,3,3
322373,การพาณิชย์อิเล็กทรอนิกส์,ELECTRONIC COMMERCE,3,3,3
322745,ความมั่นคงระบบคอมพิวเตอร์,COMPUTER SYSTEM SECURITY,3,3,3
320319,คอมพิวเตอร์เรขภาพ,COMPUTER GRAPHIC,3,3,3
320413,การสื่อสารข้อมูลและเครื่อข่าย,DATA COMMUNICATION AND NETWORK,3,3,3
320415,การออกแบบตัวแปลโปรแกรมเบื้องต้น,INTRODUCTION TO COMPILER DESIGN,3,3,3
322746,การคอมพิวเตอร์แบบกระจายและขนาน,PARALLEL AND DISTRIBUTED COMPUTING,3,3,3
322747,การประเมินสมรรถนะคอมพิวเตอร์,COMPUTER PERFORMANCE EVALUATION,3,3,3
322728,การพัฒนาซอฟท์แวร์และการจัดการโครงการ,SOFTWARE DEVELOPMENT AND PROJECT MANAGEMENT,3,3,3
322755,ระบบสนับสนุนการตัดสินใจ,DECISION SUPPORT SYSTEMS,3,3,3
322742,เครือข่ายการสื่อสารคอมพิวเตอร์,COMPUTER COMMUNICATION NETWORKS,3,3,3
322232,ภูมิสารสนเทศขั้นแนะนำ,INTRODUCTION TO GEOINFORMATICS,3,3,3
322102,การใช้คอมพิวเตอร์ในวิธีการทางวิทยาศาสตร์,COMPUTER USAGE IN SCIENTIFIC METHODS,3,3,3
322441,เครือข่ายประสาท,NEURAL NETWORKS,3,3,3
320782,ระบบสารสนเทศการจัดการทรัพยากร,RESOURCE MANAGEMENT INFORMATION SYSTEM,3,3,3
320783,ระบบการจัดการฐานข้อมูลและมาตรฐานระบบสารสนเทศภูมิศาสตร์,DATABASE  MANAGEMENT SYSTEM AND GEOGRAPHIC INFORMATION  SYSTEM,3,3,3
320894,ปัญหาพิเศษ,SPECIAL PROBLEMS,3,3,3
320898,วิทยานิพนธ์,THESIS,1,36,36
322736,เทคโนโลยีเว็บแบบสื่อความหมาย,SEMANTIC WEB TECHNOLOGIES,3,3,3
320772,ทรัพยากรที่ดินและสิ่งแวดล้อม,LAND RESOURCES AND ENVIRONMENT,3,3,3
320763,การรับรู้จากระยะไกลไมโครเวฟ,MICROWAVE REMOTE SENSING,3,3,3
322112,การเขียนโปรแกรมขั้นแนะนำ,INTRODUCTION TO PROGRAMMING,3,3,3
322161,เทคโนโลยีสารสนเทศและการสื่อสารขั้นแนะนำ,INTRODUCTION TO INFORMATION AND COMMUNICATION TECHNOLOGY,3,3,3
322162,องค์ประกอบและสถาปัตยกรรมคอมพิวเตอร์ขั้นแนะนำ,INTRODUCTION TO COMPUTER ORGANIZATION AND ARCHITECTURE,3,3,3
322212,โครงสร้างข้อมูล,DATA STRUCTURES,3,3,3
322854,,,3,3,0
322362,สมรรถนะระบบคอมพิวเตอร์,COMPUTER SYSTEMS PERFORMANCE,3,3,3
322363,การสื่อสารข้อมูล,DATA COMMUNICATIONS,3,3,3
322372,การวิเคราะห์และออกแบบระบบ,SYSTEMS ANALYSIS AND DESIGN,3,3,3
322339,ปฎิบัติการระบบฐานข้อมูลและการออกแบบ,DATABASE SYSTEMS AND DESIGN LABORATORY,3,3,1
322353,ปฏิบัติการทางเทคโนโลยีสารสนเทศและการสื่อสาร:การพัฒนาซอฟต์แวร์แบบธุรกิจขั้นสูง,INFORMATION AND COMMUNICATION TECHNOLOGY LABORATORY: ENTERPRISE APPLICATION SOFTWARE DEVELOPMENT,3,3,3
322379,การจัดการความรู้,KNOWLEDGE MANAGEMENT,3,3,3
322373,การพาณิชย์อิเล็กทรอนิกส์,ELECTRONIC COMMERCE,3,3,3
322377,หัวข้อเรื่องพิเศษทางเทคโนโลยีสารสนเทศและการสื่อสาร,SPECIAL TOPICS IN INFORMATION AND COMMUNICATION TECHNOLOGY,3,3,3
322378,ระบบการวางแผนทรัพยากรระดับองค์กรธุรกิจ,ENTERPRISE RESOURCE PLANNING SYSTEM,3,3,3
322215,ปฏิบัติการทางเทคโนโลยีสารสนเทศและการสื่อสาร:การเขียนโปรแกรมขั้นสูง,INFORMATION AND COMMUNICATION TECHNOLOGY LABORATORY :ADVANCED PROGRAMMING,3,3,3
322252,การเขียนโปรแกรมจาวาขั้นสูง,ADVANCED PROGRAMMING IN JAVA,3,3,3
322271,เทคโนโลยีอินเทอร์เน็ตและวิศวกรรมเว็บ,INTERNET TECHNOLOGIES AND WEB ENGINEERING,3,3,3
322323,ปฏิบัติการทางเทคโนโลยีสารสนเทศและการสื่อสาร:ระบบเครือข่าย 2,INFORMATION AND COMMUNICATION TECHNOLOGY LABORATORY:NETWORKING SYSTEM II,3,3,3
324201,ภูมิสารสนเทศศาสตร์ขั้นมูลฐาน,FUNDAMENTALS OF GEO-INFORMATIONS,3,3,3
324202,ระบบสารสนเทศภูมิศาสตรขั้นแนะนำ,INTRODUCTION TO GEOGRAPHIC INFORMATION SYSTEM,3,3,3
324211,การรับรู้จากระยะไกล,REMOTE SENSING,3,3,3
322331,การประยุกต์คอมพิวเตอร์ในธุรกิจ,COMPUTER APPLICATION IN BUSINESS,3,3,3
322219,การเขียนโปรแกรมเชิงวัตถุ,OBJECT-ORIENTED PROGRAMMING,3,3,3
322375,เทคโนโลยี XML และการประยุกต์,XML TECHNOLOGIES AND APPLICATIONS,3,3,3
322376,ความมั่นคงเทคโนโลยีสารสนเทศและการสื่อสาร,INFORMATION AND COMMUNICATION TECHNOLOGY SECURITY,3,3,3
322333,ระบบฐานข้อมูลขั้นสูง,ADVANCED DATABASE SYSTEMS,3,3,3
322334,การพัฒนาการประยุกต์แบบรับ-ให้บริการ,CLIENT/SERVER APPLICATION DEVELOPMENT,3,3,3
322336,ระบบฐานข้อมูลและการออกแบบ,DATABASE SYSTEMS AND DESIGN,3,3,3
322337,ปฏิบัติการทางเทคโนโลยีสารสนเทศและการสื่อสาร:ฐานข้อมูลขั้นสูง,INFORMATION AND COMMUNICATION TECHNOLOGY LABORATORY: DATABASE,3,3,3
322338,ปฏิบัติการทางเทคโนโลยีสารสนเทศและการสื่อสาร:เทคโนโลยีบนเว็บ,INFORMATION AND COMMUNICATION TECHNOLOGY LABORATORY: WEB TECHNOLOGY,3,3,3
322473,การพัฒนาซอฟท์แวร์และการจัดการโครงการ,SOFTWARE DEVELOPMENT AND PROJECT MANAGEMENT,3,3,3
324411,การประมวลผลเชิงเลขของข้อมูลจากดาวเทียม,DIGITAL PROCESSING OF SATELLITE DATA,3,3,3
324413,การรับรู้จากระยะไกลด้วยคลื่นไมโครเวฟขั้นแนะนำ,INTRODUCTION TO MICROWAVE REMOTE SENSING,3,3,3
324421,การวางแผนการใช้ที่ดินขั้นแนะนำ,INTRODUCTION TO LAND USE PLANNING,3,3,3
324311,รูปถ่ายทางอากาศและการแปลความหมาย,AERIAL PHOTOGRAPH AND INTERPRETATION,3,3,3
324494,ระเบียบวิธีการวิจัยทางภูมิสารสนเทศศาสตร์,RESEARCH METHODOLOGY IN GEO-INFORMATICS,3,3,3
324495,สหกิจศึกษา,CO-OPERATIVE EDUCATION,3,3,6
322462,การเชื่อมต่ออินเตอร์เน็ต,INTERNETWORKING,3,3,3
322491,สัมมนาทางเทคโนโลยีสารสนเทศและการสื่อสาร,SEMINAR IN INFORMATION AND COMMUNIACATION TECHNOLOGY,3,3,1
322495,สหกิจศึกษา,CO-OPERATIVE EDUCATION,3,3,6
322421,ปฏิบัติการระบบข่ายงานและระบบปฏิบัติการ,NETWORKING AND OPERATING SYSTEMS LABORATORY,3,3,3
322461,สถาปัตยกรรมเครือข่าย,NETWORK ARCHITECTURE,3,3,3
322496,โครงการคอมพิวเตอร์ 2,COMPUTER PROJECT II,3,3,4
322221,ระบบปฏิบัติการ,OPERATING SYSTEMS,3,3,3
322236,การเขียนโปรแกรมประยุกต์บนเว็บ,WEB APPLICATION PROGRAMMING,3,3,3
322237,เทคโนโลยีเชิงวัตถุ,OBJECT-ORIENTED TECHNOLOGY,3,3,3
322737,นวัตกรรมและองค์กรเรียนรู้,INNOVATION AND LEARNING ORGANIZATION,3,3,3
322471,การจัดการเทคโนโลยีสารสนเทศ,MANAGEMANT OF INFORMATION TECHNOLOGY,3,3,3
324321,ภูมิศาสตร์กายภาพ,PHYSICAL GEOGRAPHY,3,3,3
324322,ภูมิศาสตร์ดิน,SOIL GEOGRAPHY,3,3,3
324401,ภูมิสารสนเทศศาสตร์ประยุกต์,APPLIED GEO-INFORMATICS,3,3,3
324402,หลักการทำแผนที่,PRINCIPLES OF CARTORGRAPHY,3,3,3
322381,การวางแผนเชิงกลยุทธ์ระบบสารสนเทศ,STRATEGIC PLANNING OF INFORMATION SYSTEMS,3,3,3
322382,นวัตกรรมกระบวนการ,PROCESS INNOVATION,3,3,3
322921,คณิตศาสตร์ดีสครีตขั้นสูง,ADVANCED DISCRETE MATHEMATICS,3,3,3
322923,การออกแบบและวิเคราะห์ขั้นตอนวิธี,DESIGN AND ANALYSIS OF ALGORITHMS,3,3,3
322924,,NUMERICAL ANALYSIS AND APPLICATIONS,3,3,3
322926,,THEORY OF OPERATING SYSTEM,3,3,3
322931,,DATABASE SYSTEMS,3,3,3
322933,,OBJECT-ORIENTED DESIGN,3,3,3
322934,,LARGE SCALE SOFTWARE PROJECT MANAGEMENT,3,3,3
322941,,COMPUTER SYSTEM ORGANIZATION,3,3,3
322942,,COMPUTER NETWORKS,3,3,3
322945,,DISTRIBUTED COMPUTER SYSTEMS,3,3,3
322947,,THEORY OF HIGH-SPEED PARALLEL COMPUTATION,3,3,3
322971,,SPECIAL TOPICS IN COMPUTER SCIENCE,3,3,3
322998,ดุษฎีนิพนธ์,DISSERTATION,1,48,48
322991,,DOCTORAL DISSERTATION SEMINAR,3,3,0
322997,ดุษฎีนิพนธ์,DISSERTATION,1,48,48
322925,,FORMAL LANGUAGES AND COMPUTATION COMPLEXITY,3,3,3
322932,,SOFTWARE METHODOLOGY,3,3,3
322943,,DESIGN OF FAULT-TOLERANT DIGITAL SYSTEMS,3,3,3
322944,,COMPUTER SYSTEM ANALYSIS,3,3,3
322946,,PARALLEL NUMERICAL ALGORITHMS,3,3,3
322951,,ARTIFICIAL NEURAL NETWORKS,3,3,3
322952,,SCIENTIFIC VISUALIZATION,3,3,3
322922,ทฤษฎีออโตมาตา,AUTOMATA THEORY,3,3,3
322912,การเขียนโปรแกรมแบบขนาน,PARALLEL PROGRAMMING,3,3,3
322911,การออกแบบภาษาโปรแกรม,PROGRAMMING LANGUAGE DESIGN,3,3,3
322476,วิศวกรรมซอฟต์แวร์ขั้นสูง,ADVANCED SOFTWARE ENGINEERING,3,3,3
322473,วิศวกรรมซอฟต์แวร์ขั้นสูง,ADVANCED SOFTWARE ENGINEERING,3,3,3
322212,โครงสร้างข้อมูล,DATA STRUCTURES,3,3,3
322219,การเขียนโปรแกรมเชิงวัตถุ,OBJECT-ORIENTED PROGRAMMING,3,3,3
322231,หลักการออกแบบและพัฒนาซอฟต์แวร์,PRINCIPLES OF SOFTWARE DESIGN AND DEVELOPMENT,3,3,3
322234,การรับรู้ระยะไกลขั้นแนะนำ,INTRODUCTION TO REMOTE SENSING,3,3,3
322238,ระบบจัดการฐานข้อมูลและการออกแบบฐานข้อมูล,DATABASE MANAGEMENT SYSTEM AND DATABASE DESIGN,3,3,3
322251,การเขียนโปรแกรมจาวา,PROGRAMMING IN JAVA,3,3,3
322252,การเขียนโปรแกรมจาวาขั้นสูง,ADVANCED PROGRAMMING IN JAVA,3,3,3
322253,หลักภาษาโปรแกรม,PRINCIPLES OF PROGRAMMING LANGUAGES,3,3,3
322232,ภูมิสารสนเทศขั้นแนะนำ,INTRODUCTION TO GEOINFORMATICS,3,3,3
322332,คอมพิวเตอร์เรขภาพ,COMPUTER GRAPHICS,3,3,3
324301,การเขียนโปรแกรมในระบบสารสนเทศภูมิศาสตร์,PROGRAMMING IN GEOGRAPHIC INFORMATION SYSTEM,3,3,3
324412,หลักการโฟโตแกรมเมตรี,PRINCIPLES OF PHOTOGRAMMETRY,3,3,3
322383,คลังข้อมูลและการประยุกต์,DATA WAREHOUSE AND APPLICATIONS,3,3,3
324302,การประยุกต์ทำแผนที่บนเว็บ,WEB MAPPING APPLICATION,3,3,3
322475,การทำเหมืองข้อมูล,DATA MINING,3,3,3
320784,ระบบสารสนเทศภูมิศาสตร์ผ่านอินเตอร์เน็ต,INTERNET GEOGRAPHIC INFORMATION SYSTEM,3,3,3
322756,การทำเหมืองข้อมูล,DATA MINING,3,3,3
322131,การโต้ตอบระหว่างมนุษย์และคอมพิวเตอร์,HUMAN-COMPUTER INTERACTION,3,3,3
322311,ทฤษฏีการคำนวณ,THEORY OF COMPUTATION,3,3,3
322325,ระบบปฏิบัติการและการเขียนโปรแกรมซีสเต็มคอล,OPERATING SYSTEM AND SYSTEM CALLS PROGRAMMING,3,3,3
322326,เครื่อข่ายคอมพิวเตอร์,COMPUTER NETWORK,3,3,3
322331,การประยุกต์คอมพิวเตอร์ในธุรกิจ,COMPUTER APPLICATION IN BUSINESS,3,3,3
322332,คอมพิวเตอร์เรขภาพ,COMPUTER GRAPHICS,3,3,3
322333,ระบบฐานข้อมูลขั้นสูง,ADVANCED DATABASE SYSTEMS,3,3,3
322334,การพัฒนาการประยุกต์แบบรับ-ให้บริการ,CLIENT/SERVER APPLICATION DEVELOPMENT,3,3,3
322341,ปัญญาประดิษฐ์,ARTIFICIAL INTELLIGENCE,3,3,3
322351,การแปลภาษาโปรแกรม,TRANSLATION OF PROGRAMMING LANGUAGES,3,3,3
322352,การวิเคราะห์ขั้นตอนวิธี,ANALYSIS OF ALGORITHMS,3,3,3
322354,การออกแบบตัวแปรโปรแกรม,COMPILER DESIGN,3,3,3
322361,สถาปัตยกรรมระบบคอมพิวเตอร์,COMPUTER SYSTEMS ARCHITECTURE,3,3,3
322362,สมรรถนะระบบคอมพิวเตอร์,COMPUTER SYSTEMS PERFORMANCE,3,3,3
322371,วิศวกรรมซอฟต์แวร์,SOFTWARE ENGINEERING,3,3,3
322372,การวิเคราะห์และออกแบบระบบ,SYSTEMS ANALYSIS AND DESIGN,3,3,3
322232,ภูมิสารสนเทศขั้นแนะนำ,INTRODUCTION TO GEOINFORMATICS,3,3,3
322116,ฝึกปฏิบัติการสำหรับวิทยาการคอมพิวเตอร์ 2,WORKSHOP FOR COMPUTER SCIENCE II,3,3,2
322235,การทดสอบซอฟต์แวร์,SOFTWARE TESTING,3,3,3
322261,เครื่อข่ายการสื่อสารไร้สายและโทรศัพท์เคลื่อนที่,WIRELESS AND MOBILE COMMUNICATION NETWORKS,3,3,3
322117,การเขียนโปรแกรมคอมพิวเตอร์ 1,COMPUTER PROGRAMMING I,3,3,3
322122,องค์ประกอบคอมพิวเตอร์และภาษาแอสแซมบลี,COMPUTER ORGANIZATION AND ASSEMBLY LANGUAGE,3,3,3
324491,สัมมนาทางภูมิสารสนเทศศาสตร์ 1,SEMINAR IN GEO-INFORMATICS I,3,3,1
322113,วิทยาการคอมพิวเตอร์หลักมูล,FUNDAMENTAL COMPUTER SCIENCE,3,3,3
322114,การเขียนโปรแกรมเชิงโครงสร้างสำหรับวิทยาการคอมพิวเตอร์,STRUCTURED PROGRAMMING FOR COMPUTER SCIENCE,3,3,3
322115,ฝึกปฏิบัติการสำหรับวิทยาการคอมพิวเตอร์,WORKSHOP FOR COMPUTER SCIECNCE I,3,3,2
322373,การพาณิชย์อิเล็กทรอนิกส์,ELECTRONIC COMMERCE,3,3,3
322374,การประมวลผลภาพ,IMAGE PROCESSING,3,3,3
322381,การวางแผนเชิงกลยุทธ์ระบบสารสนเทศ,STRATEGIC PLANNING OF INFORMATION SYSTEMS,3,3,3
322382,นวัตกรรมกระบวนการ,PROCESS INNOVATION,3,3,3
322421,ปฏิบัติการระบบข่ายงานและระบบปฏิบัติการ,NETWORKING AND OPERATING SYSTEMS LABORATORY,3,3,2
322441,โครงข่ายประสาท,NEURAL NETWORKS,3,3,3
322461,สถาปัตยกรรมข่ายงาน,NETWORK ARCHITECTURE,3,3,3
322462,การเชื่อมต่ออินเตอร์เน็ต,INTERNETWORKING,3,3,3
322471,การจัดการเทคโนโลยีสารสนเทศ,MANAGEMANT OF INFORMATION TECHNOLOGY,3,3,3
322474,การค้นคืนสารสนเทศแบบทันสมัย,MODERN INFORMATION RETRIEVAL,3,3,3
322475,การทำเหมืองข้อมูล,DATA MINING,3,3,3
322494,โครงการคอมพิวเตอร์ 1,COMPUTER PROJECT I,3,3,3
322495,สหกิจศึกษา,CO-OPERATIVE EDUCATION,3,3,6
322496,โครงงานคอมพิวเตอร์ 2,COMPUTER PROJECT II,3,3,3
324411,การประมวลผลเชิงเลขของข้อมูลจากดาวเทียม,DIGITAL PROCESSING OF SATELLITE DATA,3,3,3
322436,เทคโนโลยีเว็บแบบสื่อความหมาย,SEMANTIC WEB TECHNOLOGY,3,3,3
322272,ขั้นตอนวิธีเชิงรหัสลับ,CRYTOGRAPHY ALGORITHMS,3,3,3
322263,ระบบสื่อสารดิจิตอล,DIGITAL COMMUNICATION SYSTEMS,3,3,3
322262,เครือข่ายไร้สาย,WIRELESS NETWORKS,3,3,3
322224,ตรรกะดิจิตอลและคอมพิวเตอร์อินเตอร์เฟส,DIGITAL LOGIC AND COMPUTER INTERFACING,3,3,3
322234,การรับรู้ระยะไกลขั้นแนะนำ,INTRODUCTION TO REMOTE SENSING,3,3,3
322749,เทคโนโลยีการสื่อสารเคลื่อนที่และเครือข่ายไร้สาย,MOBILE AND WIRELESS NETWORKING TECHNOLOGY,3,3,3
322777,หัวข้อเรื่องพิเศษทางการบริหารข้อมูลสารสนเทศ,SPECIAL TOPICS IN INFROMATION MANAGEMENT,3,3,3
322898,วิทยานิพนธ์,THESIS,1,41,41
322891,สัมมนาทางวิทยาการคอมพิวเตอร์ 1,COMPUTER SCIENCE SEMINAR I,3,3,1
322892,สัมมนาทางวิทยาการคอมพิวเตอร์ 2,COMPUTER SCIENCE SEMINAR II,3,3,1
322731,เทคโนโลยีเว็บ,WEB TECHNOLOGIES,3,3,3
322763,ระบบสารสนเทศสำหรับการจัดการโลจิสติกส์และหว่งโซ่อุปทาน,INFORMATION SYSTEM FOR LOGISTICS AND SUPPLY CHAIN MANAGEMENT,3,3,3
322764,การจัดการหว่งโซ่อุปทานธุรกิจอิเล็กทรอนิกส์,ELECTRONIC BUSINESS SUPPLY CHAIN MANAGEMENT,3,3,3
322891,สัมมนาทางเทคโนโลยีสารสนเทศ 1,INFORMATION TECHNOLOGY SEMINAR I,3,3,1
322892,สัมมนาทางเทคโนโลยีสารสนเทศ 2,INFORMATION TECHNOLOGY SEMINAR II,3,3,1
322898,วิทยานิพนธ์,THESIS,0,38,38
322118,การเขียนโปรแกรมคอมพิวเตอร์ 2,COMPUTER PROGRAMMING II,3,3,3
322162,องค์ประกอบและสถาปัตยกรรมคอมพิวเตอร์ขั้นแนะนำ,INTRODUCTION TO COMPUTER ORGANIZATION AND ARCHITECTURE,3,3,3
322221,ระบบปฏิบัติการ,OPERATING SYSTEMS,3,3,3
322222,เครือข่าย 1,NETWORK I,3,3,3
322223,เครื่อข่าย 2,NETWORK II,3,3,3
322235,การทดสอบซอฟต์แวร์,SOFTWARE TESTING,3,3,3
322236,การเขียนโปรแกรมประยุกต์บนเว็บ,WEB APPLICATION PROGRAMMING,3,3,3
322239,โปรแกรมประยุกต์กับระบบฐานข้อมูล,DATABASE APPLICATION,3,3,3
322992,สัมมนาดุษฎีนิพนธ์ 2,DISSERTATION SEMINAR II,3,3,1
322981,ระเบียบวิธีวิจัย,RESEARCH METHODOLOGY,3,3,2
322927,การวิเคราะห์และออกแบบระบบ,SYSTEM  ANALYSIS AND DESIGN,3,3,3
322935,เทคโนโลยีเว็บ,WEB TECHNOLOGY,3,3,3
322936,ระบบฐานข้อมูลและการออกแบบ,DATABASE SYSTEMS AND DESIGN,3,3,3
322937,การจัดการเทคโนโลยีสารสนเทศ,MANAGING INFORMATION TECHNOLOGY,3,3,3
322938,เทคโนโลยี XML และการประยุกต์,XML TECHNOLOGIES AND APPLICATIONS,3,3,3
322939,เทคโนโลยีเว็บแบบสื่อความหมาย,SEMANTIC WEB TECHNOLOGY,3,3,3
322948,การบริหารเครือข่ายคอมพิวเตอร์,COMPUTER NETWORK ADMINISTRATION,3,3,3
322949,ความมั่นคงเทคโนโลยีสารสนเทศ,INFORMATION TECHNOLOGY SECURITY,3,3,3
322961,เทคโนโลยีการสื่อสารเคลื่อนที่และเครือข่ายไร้สาย,MOBILE AND WIRELESS NETWORKING TECHNOLOGY,3,3,3
322954,วิศวกรรมความรู้,KNOWLEDGE ENGINEERING,3,3,3
322955,เทคโนโลยีสนับสนุนการตัดสินใจ,DECISION SUPPORT TECHNOLOGIES,3,3,3
322956,การทำเหมืองข้อมูล,DATA MINING,3,3,3
322957,การจัดการความรู้,KNOWLEDGE MANAGEMENT,3,3,3
322963,ระบบสารสนเทศสำหรับการจัดการโลจิสติกส์และหว่งโซ่อุปทาน,INFORMATION SYSTEM FOR LOGISTICS AND SUPPLY CHAIN MANAGEMENT,3,3,3
322964,การจัดการหว่งโซ่อุปทานธุรกิจอิเล็กทรอนิกส์,ELECTRONIC BUSINESS SUPPLY CHAIN MANAGEMENT,3,3,3
322965,การจัดการโครงการด้านเทคโนโลยีสารสนเทศ,INFORMATION TECHNOLOGY PROJECT MANAGEMENT,3,3,3
322966,เครื่อข่ายคอมพิวเตอร์,COMPUTER NETWORKS,3,3,3
322976,หัวข้อพิเศษเครื่อข่ายและการสื่อสาร,SELECTED TOPICS IN NETWORK AND COMMMUNICATION,3,3,3
322977,หัวข้อพิเศษทางหุ่นยนต์และระบบแบบฝังตัว,SELECTED TOPICS IN ROBOTICS AND EMBEDDED SYSTEM,3,3,3
322978,หัวข้อพิเศษทางปัญญาประดิษฐ์,SELECTED TOPICS IN ARTIFICICAL INTELLIGENCE,3,3,3
322979,หัวข้อพิเศษทางเทคโนโลยีเว็บเชิงความหมาย,SELECTED TOPICS IN SEMANTIC WEB TECHNOLOGY,3,3,3
322982,หัวข้อพิเศษทางความหยั่งรู้ทางธุรกิจ,SELECTED TOPICS IN BUSINESS INTELLIGENCE,3,3,3
322983,หัวข้อพิเศษทางการจัดการโลจิสติกส์และห่วงโซ่อุปทาน,SELECTED TOPICS IN LOGISTICS AND SUPPLY CHAIN,3,3,3
322984,หัวข้อพิเศษทางเทคโนโลยีสังคม,SELECTED TOPICS IN SOCIAL TECHNOLOGY,3,3,3
322985,หัวข้อพิเศษทางการประมวลผลภาษาธรรมชาติ,SELECTED TOPICS IN NATURAL LANGUAGE PROCESSING,3,3,3
322986,หัวข้อพิเศษทางวิศวกรรมซอฟต์แวร์,SELECTED TOPICS IN SOFTWARE ENGINEERING,3,3,3
322989,ระเบียบวิธีวิจัยสำหรับเทคโนโลยีสารสนเทศ,RESEARCH METHODOLOGY FOR INFORMATION TECHNOLOGY,3,3,3
322991,สัมมนาทางเทคโนโลยีสารสนเทศ 1,INFORMATION TECHNOLOGY SEMINAR I,3,3,1
322992,สัมมนาทางเทคโนโลยีสารสนเทศ 2,INFORMATION TECHNOLOGY SEMINAR II,3,3,1
322993,สัมมนาทางเทคโนโลยีสารสนเทศ 3,INFORMATION TECHNOLOGY SEMINAR III,3,3,1
322999,ดุษฎีนิพนธ์,DISSERTATION,1,36,36
322991,สัมมนาดุษฎีนิพนธ์,DISSERTATION SEMINAR I,3,3,1
322261,เครื่อข่ายการสื่อสารไร้สายและโทรศัพท์เคลื่อนที่,WIRELESS AND MOBILE COMMUNICATION NETWORKS,3,3,3
322793,ระเบียบวิธีวิจัย,RESEARCH METHODOLOGY,3,3,3
322766,เครื่อข่ายคอมพิวเตอร์,COMPUTER NETWORKS,3,3,3
322741,สถาปัตยกรรมระบบคอมพิวเตอร์,COMPUTER SYSTEMS ARCHITECTURE,3,3,3
322434,ระบบการจัดการเนื้อหา,CONTENT MANAGEMENT SYSTEM,3,3,3
322475,การทำเหมืองข้อมูล,DATA MINING,3,3,3
322477,ผู้ประกอบการเทคโนโลยีสารสนเทศ,INFORMATION TECHNOLOGY ENTREPRENEURSHIP,3,3,3
322478,การปรับปรุงกระบวนการซอฟต์แวร์,CONTENT MANAGEMENT SYSTEM,3,3,3
322262,เครือข่ายไร้สาย,WIRELESS NETWORKS,3,3,3
322391,ระเบียบวิธีวิจัย,RESEARCH METHODOLOGY,3,3,3
322431,เทคโนโลยีเว็บ,WEB TECHNOLOGY,3,3,3
322432,เทคโนโลยีการออกแบบเว็บ,WEB DESIGN TECHNOLOGY,3,3,3
322433,เทคโนโลยีเว็บเซอร์วิส,WEB SERVICES TECHNOLOGY,3,3,3
322711,ภาษาโปรแกรม,PROGRAMMING LANGUAGES,3,3,3
322724,การวิเคราะห์และออกแบบระบบ,SYSTEM  ANALYSIS AND DESIGN,3,3,3
322725,วิศวกรรมซอฟต์แวร์ขั้นสูง,ADVANCED SOFTWARE ENGINEERING,3,3,3
322734,การจัดการเทคโนโลยีสารสนเทศ,MANAGING INFORMATION TECHNOLOGY,3,3,3
322755,เทคโนโลยีสนับสนุนการตัดสินใจ,DECISION SUPPORT TECHNOLOGIES,3,3,3
322757,การจัดการความรู้,KNOWLEDGE MENAGEMENT,3,3,3
322765,การจัดการโครงการด้านเทคโนโลยีสารสนเทศ,INFORMATION TECHNOLOGY PROJECT MANAGEMENT,3,3,3
322767,เทคโนโลยีสื่อประสม,MUTIMEDIA TECHNOLOGY,3,3,3
322768,ปฏิสัมพันธ์ระหว่างมนุษย์กับคอมพิวเตอร์,HUMAN COMPUTER INTERACTION,3,3,3
322769,คอมพิวเตอร์วิทัศน์,COMPUTER VISION,3,3,3
322773,หัวข้อเรื่องพิเศษทางวิศวกรรมซอฟต์แวร์,SPECIAL TOPICS IN SOFTWARE ENGINEERING,3,3,3
322774,หัวข้อเรื่องพิเศษทางระบบอัจฉริยะ,SPECIAL TOPICS IN INTELLIGENCE SYSTEM,3,3,3
322775,หัวข้อเรื่องพิเศษทางเครือข่ายคอมพิวเตอร์ศูนย์กลาง,SPECIAL TOPICS IN NET CENTRIC COMPUTING,3,3,3
322776,หัวข้อเรื่องพิเศษทางคอมพิวเตอร์จินตทัศน์และเรขภาพ,SPECIAL TOPICS IN GRAPHIC AND VISUAL COMPUTING,3,3,3
322234,การรับรู้ระยะไกลขั้นแนะนำ,INTRODUCTION TO REMOTE SENSING,3,3,3
322236,การเขียนโปรแกรมประยุกต์บนเว็บ,WEB APPLICATION PROGRAMMING,3,3,3
322238,ระบบจัดการฐานข้อมูลและการออกแบบฐานข้อมูล,DATABASE MANAGEMENT SYSTEM AND DATABASE DESIGN,3,3,3
322251,การเขียนโปรแกรมจาวา,PROGRAMMING IN JAVA,3,3,3
322261,เครื่อข่ายการสื่อสารไร้สายและโทรศัพท์เคลื่อนที่,WIRELESS AND MOBILE COMMUNICATION NETWORKS,3,3,3
322263,ระบบสื่อสารดิจิตอล,DIGITAL COMMUNICATION SYSTEMS,3,3,3
322311,ทฤษฏีการคำนวณ,THEORY OF COMPUTATION,3,3,3
322312,วิทยาการคำนวณ,COMPUTATIONAL SCIENCE,3,3,3
322325,ระบบปฏิบัติการและการเขียนโปรแกรมซีสเต็มคอล,OPERATING SYSTEM AND SYSTEM CALLS PROGRAMMING,3,3,3
322326,เครื่อข่ายคอมพิวเตอร์,COMPUTER NETWORK,3,3,3
322327,ความมั่นคงระบบเครื่อข่ายคอมพิวเตอร์,COMPUTER NETWORK SECURITY,3,3,3
322328,การเขียนโปรแกรมภาษาวีเอชดีแอล,VHDL PROGRAMMING,3,3,3
322329,โครงแบบเครือข่าย,NETWORK CONFIGURATIONS,3,3,3
322332,คอมพิวเตอร์เรขภาพ,COMPUTER GRAPHICS,3,3,3
322339,ปฎิบัติการระบบฐานข้อมูลและการออกแบบ,DATABASE SYSTEMS AND DESIGN LABORATORY,3,3,1
322342,การเรียนรู้เครื่องจักร,MACHINE LEARNING,3,3,3
322351,การแปลภาษาโปรแกรม,TRANSLATION OF PROGRAMMING LANGUAGES,3,3,3
322352,การวิเคราะห์ขั้นตอนวิธี,ANALYSIS OF ALGORITHMS,3,3,3
322361,สถาปัตยกรรมระบบคอมพิวเตอร์,COMPUTER SYSTEMS ARCHITECTURE,3,3,3
322362,สมรรถนะระบบคอมพิวเตอร์,COMPUTER SYSTEMS PERFORMANCE,3,3,3
322371,วิศวกรรมซอฟต์แวร์,SOFTWARE ENGINEERING,3,3,3
322372,การวิเคราะห์และออกแบบระบบ,SYSTEMS ANALYSIS AND DESIGN,3,3,3
322374,การประมวลผลภาพ,IMAGE PROCESSING,3,3,3
322381,การวางแผนเชิงกลยุทธ์ระบบสารสนเทศ,STRATEGIC PLANNING OF INFORMATION SYSTEMS,3,3,3
322382,นวัตกรรมกระบวนการ,PROCESS INNOVATION,3,3,3
322421,ปฏิบัติการระบบข่ายงานและระบบปฏิบัติการ,NETWORKING AND OPERATING SYSTEMS LABORATORY,3,3,3
322422,ระบบฝังตัว,EMBEDDED SYSTEMS,3,3,3
322431,เทคโนโลยีเว็บ,WEB TECHNOLOGY,3,3,3
322435,การโต้ตอบระหว่างมนุษย์และคอมพิวเตอร์,HUMAN-COMPUTER INTERACTION,3,3,3
322441,โครงข่ายประสาท,NEURAL NETWORKS,3,3,3
322462,การเชื่อมต่ออินเตอร์เน็ต,INTERNETWORKING,3,3,3
322474,การค้นค้นสารสนเทศแบบทันสมัย,MODERN INFORMATION RETRIEVAL,3,3,3
322475,การทำเหมืองข้อมูล,DATA MINING,3,3,3
322478,การปรับปรุงกระบวนการซอฟต์แวร์,SOFTWARE PROCES INPROVEMENT,3,3,3
322498,โครงการวิจัยทางวิทยาการคอมพิวเตอร์ ระดับปริญญาตรี 1,UNDERGRADUATE RESEARCH PROJECT FOR COMPUTER SCIENCE I,3,3,3
322499,โครงการวิจัยทางวิทยาการคอมพิวเตอร์ ระดับปริญญาตรี 2,UNDERADUATE RESEARCH PROJECT FOR COMPUTER SCIENCE II,3,3,3
322232,ภูมิสารสนเทศขั้นแนะนำ,INTRODUCTION TO GEOINFORMATICS,3,3,3
322753,การเรียนรู้ของเครื่องจักร,MACHINE LEARNING,3,3,3
320787,สถิติศาสตร์เชิงพื้นที่,SPATIAL STATISTICS,3,3,3
322971,หัวข้อพิเศษทางวิทยาการคอมพิวเตอร์ 1,SPECIAL TOPICS IN COMPUTER SCIENCE I,3,3,3
322972,หัวข้อพิเศษทางวิทยาการคอมพิวเตอร์ 2,SPECIAL TOPICS IN COMPUTER SCIENCE II,3,3,3
322973,หัวข้อพิเศษทางวิทยาการคอมพิวเตอร์ 3,SPECIAL TOPICS IN COMPUTER SCIENCE III,3,3,3
322974,หัวข้อพิเศษทางวิทยาการคอมพิวเตอร์ 4,SPECIAL TOPICS IN COMPUTER SCIENCE IV,3,3,3
322975,หัวข้อพิเศษทางวิทยาการคอมพิวเตอร์ 5,SPECIAL TOPICS IN COMPUTER SCIENCE V,3,3,3
322993,สัมมนาดุษฎีนิพนธ์ 3,DISSERTATION SEMINAR III,3,3,1
322994,สัมมนาดุษฎีนิพนธ์ 4,DISSERTATION SEMINAR IV,3,3,1
322996,ดุษฎีนิพนธ์,DISSERTATION,1,72,72
320761,หลักการการรับรู้จากระยะไกล,PRINCIPLES OF REMOTE SENSING,3,3,3
320763,การรับรู้จากระยะไกลไมโครเวฟ,MICROWAVE REMOTE SENSING,3,3,3
320773,ระบบนิเวศภาคพื้นดิน,TERRESTRIAL ECOSYSTEM,3,3,3
320774,การประเมินที่ดินและการวางแผนการใช้ที่ดิน,LAND EVALUATION AND LAND USE PLANNING,3,3,3
320781,ระบบสารสนเทศภูมิศาสตร์,GEOGRAPHIC  INFORMATION SYSTEM,3,3,3
320783,ระบบการจัดการฐานข้อมูลและมาตรฐานระบบสารสนเทศภูมิศาสตร์,DATABASE  MANAGEMENT SYSTEM AND GEOGRAPHIC INFORMATION  SYSTEM STANDARD,3,3,3
320785,การสร้างแบบจำลองทางระบบสารสนเทศภูมิศาสตร์,MODELING IN GEOGRAPHIC INFORMATION SYSTEM,3,3,3
320786,การเขียนโปรแกรมขั้นสูงในระบบสารสนเทศภูมิศาสตร์,ADVANCED PROGRAMMING IN GEOGRAPHIC INFORMATION SYSTEM,3,3,3
320961,การรับรู้จากระยะไกลขั้นสูง,ADVANCED REMOTE SENSING,3,3,3
320981,ระบบสารสนเทศภูมิศาสตร์ขั้นสูง,ADVANCED GEOGRAPHIC INFORMATION SYSTEM,3,3,3
320982,ภูมิสารสนเทศศาสตร์ในด้านทรัพยากรธรรมชาติและสิ่งแวดล้อม,GEO-INFORMATICS IN NATURAL RESOURCES AND ENVIRONMENT,3,3,3
320983,ภูมิสารสนเทศศาสตร์ในด้านอุทกวิทยา,GEO-INFORMATICS IN HYDROLOGY,3,3,3
320991,สัมมนา 1,SEMINAR I,3,3,1
320992,สัมมนา 2,SEMINAR II,3,3,1
320993,สัมมนา 3,SEMINAR III,3,3,1
320996,ดุษฎีนิพนธ์,DISSERTATION,1,72,72
320997,ดุษฎีนิพนธ์,DISSERTATION,1,48,48
320998,ดุษฎีนิพนธ์,DISSERTATION,1,48,48
320999,ดุษฎีนิพนธ์,DISSERTATION,1,36,36
320764,การทำแผนที่จากภาพถ่ายทางอากาศ,PHOTOGRAMMETRY,3,3,3
320772,ทรัพยากรที่ดินและสิ่งแวดล้อม,LAND RESOURCES AND ENVIRONMENT,3,3,3
320782,ระบบสารสนเทศการจัดการทรัพยากร,RESOURCE MANAGEMENT INFORMATION SYSTEM,3,3,3
320892,สัมมนา 2,SEMINAR II,1,1,1
320894,ปัญหาพิเศษ,SPECIAL PROBLEMS,3,3,3
320897,การศึกษาอิสระ,INDEPENDENT STUDY,1,6,6
322114,การเขียนโปรแกรมเชิงโครงสร้างสำหรับวิทยาการคอมพิวเตอร์,STRUCTURED PROGRAMMING FOR COMPUTER SCIENCE,3,3,3
322123,องค์ประกอบและระบบคอมพิวเตอร์หลักมูล,FUNDAMENTALS OF COMPUTER SYSTEM AND ORGANIZATION,3,3,3
322212,โครงสร้างข้อมูล,DATA STRUCTURES,3,3,3
322213,ฝึกปฏิบัติการสำหรับวิทยาการคอมพิวเตอร์,WORKSHOP FOR COMPUTER SCIENCE,3,3,3
322219,การเขียนโปรแกรมเชิงวัตถุ,OBJECT-ORIENTED PROGRAMMING,3,3,3
322224,ตรรกะดิจิตอลและคอมพิวเตอร์อินเตอร์เฟส,DIGITAL LOGIC AND COMPUTER INTERFACING,3,3,3
322231,หลักการออกแบบและพัฒนาซอฟต์แวร์,PRINCIPLES OF SOFTWARE DESIGN AND DEVELOPMENT,3,3,3
324221,ธรณีวิทยาขั้นแนะนำ,INTRODUCTION TO GEOLOGY,3,3,2
324303,การออกแบบและมาตรฐานข้อมูลเชิงพื้นที่,DESIGN AND STANDARD GEO-SPATIAL DATABASE,3,3,3
324401,ภูมิสารสนเทศศาสตร์ประยุกต์,APPLIED GEO-INFORMATICS,3,3,3
324402,หลักการทำแผนที่,PRINCIPLES OF CARTORGRAPHY,3,3,2
324403,การสำรวจรังวัดและระบบกำหนดตำแหน่งบนโลก,SURVEYING AND GLOBAL POSITIONING SYSTEM,3,3,3
324404,การวิเคราะห์เชิงพื้นที่,GEOSPATIAL ANALYSIS,3,3,3
324412,หลักการโฟโตแกรมเมตรี,PRINCIPLES OF PHOTOGRAMMETRY,3,3,3
324421,การวางแผนการใช้ที่ดินขั้นแนะนำ,INTRODUCTION TO LAND USE PLANNING,3,3,3
324422,การวางผังเมืองและภูมิสารสนเทศศาสตร์,CITY PLANNING AND GEO-INFORMATICS,3,3,3
324495,สหกิจศึกษา,CO-OPERATIVE EDUCATION,3,3,6
324494,ระเบียบวิธีการวิจัยทางภูมิสารสนเทศศาสตร์,RESEARCH METHODOLOGY IN GEO-INFORMATICS,3,3,3
324203,ภูมิสารสนเทศศาสตร์สำหรับชีวิตประจำวัน,GEO-INFORMATICS FOR DAILY LIFE,3,3,2
320891,สัมมนา 1,SEMINAR I,1,1,1
324211,หลักมูลการรับรู้จากระยะไกล,FUNDAMENTAL OF REMOTE SENSING,3,3,3
322336,ระบบฐานข้อมูลและการออกแบบ,DATABASE SYSTEMS AND DESIGN,3,3,3
322376,ความมั่นคงเทคโนโลยีสารสนเทศและการสื่อสาร,INFORMATION AND COMMUNICATION TECHNOLOGY SECURITY,3,3,3
322758,การวิเคราะห์ข้อมูลขนาดใหญ่,BIG DATA ANALYTICS,3,3,3
322254,การเขียนโปรแกรมสคริปต์,SCRIPT PROGRAMMING,3,3,3
322375,เทคโนโลยี XML และการประยุกต์,XML TECHNOLOGIES AND APPLICATIONS,3,3,3
322364,การเขียนโปรแกรมแบบขนาน,PARALLEL PROGRAMMING,3,3,3
322265,การพัฒนาแอปพลิเคชั่นบนโทรศัพท์มือถือ,MOBILE APPLICATION DEVELOPMENT,3,3,3
322492,สัมมนาทางวิทยาการคอมพิวเตอร์,SEMINAR IN COMPUTER SCIENCE,3,3,1
322132,การพัฒนาโปรแกรมประยุกต์บนเว็บ,WEB APPLICATION DEVELOPMENT,3,3,3
322151,การเขียนโปรแกรมเชลล์,SHELL PROGRAMMING,3,3,1
322216,ปฏิบัติการโครงสร้างข้อมูล,DATA STRUCTURE LABORATORY,3,3,1
322217,การแข่งขันการเขียนโปรแกรมคอมพิวเตอร์,COMPUTER PROGRAMMING CONTEST,3,3,1
324201,หลักมูลภูมิสารสนเทศศาสตร์,FUNDAMETALS OF GEO-INFORMATIONS,3,3,3
322275,XMLสำหรับเทคโนโลยีเว็บและการประยุกต์,XML TOWARDS WEB TECHNOLOGIES AND APPLICATIONS,3,3,3
322479,พื้นฐานวิชาชีพด้านเทคโนโลยีสารสนเทศ,INTRODUCTION TO INFORMATION TECHNOLOGY PROFESSIONAL,3,3,3
322264,เทคโนโลยีมือถือและไร้สาย,MOBILE AND WIRELESS TECHNOLOGY,3,3,3
322371,วิศวกรรมซอฟต์แวร์,SOFTWARE ENGINEERING,3,3,3
320762,การประมวลผลภาพเชิงตัวเลข,DIGITAL  IMAGE  PROCESSING,3,3,3
324411,การประมวลผลเชิงเลขของข้อมูลจากดาวเทียม,DIGITAL PROCESSING OF SATELLITE DATA,3,3,3
324413,การรับรู้จากระยะไกลด้วยคลื่นไมโครเวฟขั้นแนะนำ,INTRODUCTION TO MICROWAVE REMOTE SENSING,3,3,3
324401,ภูมิสารสนเทศศาสตร์ประยุกต์,APPLIED GEO-INFORMATICS,3,3,3
320898,วิทยานิพนธ์,THESIS,1,38,38
322745,ความมั่นคงระบบคอมพิวเตอร์,COMPUTER SYSTEM SECURITY,3,3,3
322738,ระบบธุรกิจอัจฉริยะขั้นสูง,ADVANCED BUSINESS INTELLIGENCE,3,3,3
322437,การพัฒนาโปรแกรมประยุกต์บนเว็บด้วยภาษาจาวา,JAVA WEB APPLICATION DEVELOPMENT,3,3,3
322384,ระบบธุรกิจอัจฉริยะ,BUSINESS INTELLIGENCE,3,3,3
320788,การวางฝังเมืองและระบบสารสนเทศภูมิศาสตร์,CITY PLANNING AND GEOGRAPHIC INFORMATION SYSTEM,3,3,3
342267,การเขียนโปรแกรมอุปกรณ์เคลื่อนที่,MOBILE DEVICE PROGRAMMING,3,3,3
322218,พื้นฐานการเขียนโปรแกรมเกม,BASIC OF GAME PROGRAMMING,3,3,3
342181,ตรรกะและแนวคิด,LOGIC AND CONCEPTS,3,3,3
342182,ความบันดาลใจในวิชาชีพเทคโนโลยีสารสนเทศ,INSPIRATION IN IT CAREER,3,3,1
342211,ขั้นตอนวิธีและโครงสร้างข้อมูล,ALGORITHMS AND DATA STRUCTURES,3,3,3
342221,ระบบปฏิบัติการ,OPERATING SYSTEMS,3,3,3
322385,การประกันคุณภาพซอฟต์แวร์,SOFTWARE QUALITY ASSURANCE,3,3,3
342756,การทำเหมืองข้อมูล,DATA MINING,3,3,3
322421,ปฏิบัติการระบบข่ายงานและระบบปฏิบัติการ,NETWORKING AND OPERATING SYSTEMS LABORATORY,3,3,3
342162,องค์ประกอบและสถาปัตยกรรมคอมพิวเตอร์ขั้นแนะนำ,INTRODUCTION TO COMPUTER ORGANIZATION AND ARCHITECTURE,3,3,3
342375,เทคโนโลยีเอ็กซ์เอ็มแอลและการประยุกต์,XML TECHNOLOGIES AND APPLICATIONS,3,3,3
342376,ความมั่นคงเทคโนโลยีสารสนเทศและการสื่อสาร,INFORMATION AND COMMUNICATION TECHNOLOGY SECURITY,3,3,3
342378,ระบบการวางแผนทรัพยากรองค์กร,ENTERPRISE RESOURCE PLANNING SYSTEM,3,3,3
342384,ระบบธุรกิจอัจฉริยะ,BUSINESS INTELLIGENCE SYSTEM,3,3,3
342391,ระเบียบวิธีวิจัย,RESEARCH METHODOLOGY,3,3,3
342431,เทคโนโลยีเว็บ,WEB TECHNOLOGY,3,3,3
340727,การพัฒนาซอฟต์แวร์แบบอาไจล์,AGILE SOFTWARE DEVELOPMENT,3,3,3
340733,ระบบฐานข้อมูลและการออกแบบ,DATABASE SYSTEM AND DESIGN,3,3,3
340741,สถาปัตยกรรมระบบคอมพิวเตอร์,COMPUTER SYSTEMS ARCHITECTURE,3,3,3
340742,การเชื่อมต่ออินเทอร์เน็ตสื่อผสมไร้สาย,WIRELESS MULTIMEDIA INTERNETWORKING,3,3,3
340743,เครือข่ายคอมพิวเตอร์ขั้นสูง,ADVANCED COMPUTER NETWORKS,3,3,3
340745,ความมั่นคงระบบคอมพิวเตอร์และเครือข่าย,COMPUTER AND NETWORK SECURITY,3,3,3
342224,ตรรกะดิจิทัลและระบบฝังตัว,DIGITAL LOGIC AND EMBEDDED SYSTEMS,3,3,3
342233,การวิเคราะห์และออกแบบฐานข้อมูล,DATABASE ANALYSIS AND DESIGN,3,3,3
342235,การทดสอบซอฟต์แวร์และการประกันคุณภาพ,SOFTWARE TESTING AND QUALITY ASSURANCE,3,3,3
342236,การเขียนโปรแกรมประยุกต์บนเว็บ,WEB APPLICATION PROGRAMMING,3,3,3
342264,เทคโนโลยีเคลื่อนที่และไร้สาย,MOBILE AND WIRELESS TECHNOLOGY,3,3,3
342266,การพัฒนาโปรแกรมประยุกต์บนเว็บสำหรับอุปกรณ์เคลื่อน,MOBILE WEB APPLICATION DEVELOPMENT,3,3,3
342281,ระบบสารสนเทศทางธุรกิจ,BUSINESS INFORMATION SYSTEMS,3,3,3
342329,โครงแบบเครือข่าย,NETWORK CONFIGURATIONS,3,3,3
342334,การพัฒนาการประยุกต์แบบรับ-ให้บริการ,CLIENT/SERVER APPLICATION DEVELOPMENT,3,3,3
342364,การเขียนโปรแกรมแบบขนาน,PARALLEL PROGRAMMING,3,3,3
342365,การประมวลผลแบบกลุ่มเมฆและการประยุกต์,CLOUD COMPUTING AND APPLICATIONS,3,3,3
342366,เทคโนโลยีสำหรับข้อมูลขนาดใหญ่,BIG DATA TECHNOLOGY,3,3,3
342371,วิศวกรรมซอฟต์แวร์,SOFTWARE ENGINEERING,3,3,3
342372,การวิเคราะห์และออกแบบระบบ,SYSTEMS ANALYSIS AND DESIGN,3,3,3
342373,พาณิชย์อิเล็กทรอนิกส์และโปรแกรมประยุกต์,ELECTRONIC COMMERCE AND APPLICATIONS,3,3,3
342432,เทคโนโลยีการออกแบบเว็บ,WEB DESIGN TECHNOLOGIES,3,3,3
342433,เทคโนโลยีเว็บเซอร์วิส,WEB SERVICES TECHNOLOGY,3,3,3
342434,ระบบการจัดการเนื้อหา,CONTENT MANAGEMENT SYSTEM,3,3,3
342436,เทคโนโลยีเว็บแบบสื่อความหมาย,SEMANTIC WEB TECHNOLOGY,3,3,3
342471,การจัดการเชิงกลยุทธ์เทคโนโลยีสารสนเทศ,STRATEGIC MANAGEMENT OF INFORMATION TECHNOLOGY,3,3,3
342473,การบริหารโครงการ,PROJECT MANAGEMENT,3,3,3
342475,การทำเหมืองข้อมูล,DATA MINING,3,3,3
342477,การเป็นผู้ประกอบการเทคโนโลยีสารสนเทศ,INFORMATION TECHNOLOGY ENTREPRENEURSHIP,3,3,3
342478,การปรับปรุงกระบวนการซอฟต์แวร์,SOFTWARE PROCESS IMPROVEMENT,3,3,3
342479,วิชาชีพเทคโนโลยีสารสนเทศ,INFORMATION TECHNOLOGY PROFESSION,3,3,3
342491,สัมมนาทางเทคโนโลยีสารสนเทศ,SEMINAR IN INFORMATION TECHNOLOGY,3,3,1
342494,โครงงานคอมพิวเตอร์ 1,COMPUTER PROJECT I,3,3,3
342495,สหกิจศึกษา,CO-OPERATIVE EDUCATION,3,3,6
342496,โครงงานคอมพิวเตอร์ 2,COMPUTER PROJECT II,3,3,3
340711,ภาษาโปรแกรม,PROGRAMMING LANGUAGES,3,3,3
340721,ทฤษฎีการคำนวณ,THEORY OF COMPUTATION,3,3,3
340891,สัมมนาทางวิทยาการคอมพิวเตอร์ 1,COMPUTER SCIENCE SEMINAR I,3,3,1
340892,สัมมนาทางวิทยาการคอมพิวเตอร์ 2,COMPUTER SCIENCE SEMINAR II,3,3,1
340897,การศึกษาอิสระ,INDEPENDENT STUDY,1,6,6
340898,วิทยานิพนธ์,THESIS,1,6,41
340899,วิทยานิพนธ์,THESIS,1,12,12
340712,การพัฒนาโปรแกรมประยุกต์ข้ามแพลตฟอร์ม,CROSS-PLATFORM APPLICATION DEVELOPMENT,3,3,3
340713,การพัฒนาโปรแกรมประยุกต์บนเว็บขั้นสูง,ADVANCED WEB APPLICATION DEVELOPMENT,3,3,3
340722,การวิเคราะห์และออกแบบขั้นตอนวิธี,ALGORITHM ANALYSIS AND DESIGN,3,3,3
340723,ระบบปฏิบัติการ,OPERATING SYSTEMS,3,3,3
340725,วิศวกรรมซอฟต์แวร์ขั้นสูง,ADVANCED SOFTWARE ENGINEERING,3,3,3
340726,การประกันคุณภาพซอฟต์แวร์,SOFTWARE QUALITY ASSURANCE,3,3,3
340746,ทฤษฎีสารสนเทศ,INFORMATION THEORY,3,3,3
340747,ระบบแบบกระจาย,DISTRIBUTED SYSTEMS,3,3,3
340751,กระบวนทัศน์ปัญญาประดิษฐ์,PARADIGMS OF ARTIFICIAL INTELLIGENCE,3,3,3
340752,โครงข่ายประสาทเทียม,ARTIFICIAL NEURAL NETWORKS,3,3,3
340753,การเรียนรู้ของเครื่องสำหรับวิทยาการข้อมูล,MACHINE LEARNING FOR DATA SCIENCE,3,3,3
340755,เทคโนโลยีสนับสนุนการตัดสินใจ,DECISION SUPPORT TECHNOLOGIES,3,3,3
340756,การทำเหมืองข้อมูล,DATA MINING,3,3,3
340759,การประมวลผลภาษาธรรมชาติ,NATURAL LANGUAGE PROCESSING,3,3,3
340761,เทคโนโลยีเสมือนจริง,VIRTUAL REALITY TECHNOLOGY,3,3,3
340762,การประมวลผลและวิเคราะห์ข้อมูลภาพดิจิทัล,DIGITAL IMAGE PROCESSING AND ANALYSIS,3,3,3
340763,การออกแบบปฏิสัมพันธ์สำหรับส่วนต่อประสานผู้ใช้,INTERACTION DESIGN FOR USER INTERFACE,3,3,3
340769,คอมพิวเตอร์วิทัศน์,COMPUTER VISION,3,3,3
340773,หัวเรื่องพิเศษทางวิทยาการคอมพิวเตอร์,SPECIAL TOPICS IN COMPUTER SCIENCE,3,3,3
340793,ระเบียบวิธีวิจัย,RESEARCH METHODOLOGY,3,3,3
342724,การวิเคราะห์และออกแบบระบบ,SYSTEM ANALYSIS AND DESIGN,3,3,3
342734,การจัดการเทคโนโลยีสารสนเทศ,MANAGING INFORMATION TECHNOLOGY,3,3,3
342738,ระบบธุรกิจอัจฉริยะขั้นสูง,ADVANCED BUSINESS INTELLIGENCE,3,3,3
342744,การบริหารเครือข่ายคอมพิวเตอร์,COMPUTER NETWORK ADMINISTRATION,3,3,3
342758,การวิเคราะห์ข้อมูลขนาดใหญ่,BIG DATA ANALYTICS,3,3,3
344781,ระบบสารสนเทศภูมิศาสตร์,GEOGRAPHIC INFORMATION SYSTEM,3,3,3
342735,เทคโนโลยี XML และการประยุกต์,XML TECHNOLOGIES AND APPLICATIONS,3,3,3
342736,เทคโนโลยีเว็บแบบสื่อความหมาย,SEMANTIC WEB TECHNOLOGY,3,3,3
342117,การเขียนโปรแกรมเชิงโครงสร้างสำหรับเทคโนโลยีสารสนเทศ,STRUCTURED PROGRAMMING FOR INFORMATION TECHNOLOGY,3,3,3
342118,แนวคิดและการเขียนโปรแกรมเชิงวัตถุ,OBJECT ORIENTED CONCEPTS AND PROGRAMMING,3,3,3
342739,การวิเคราะห์และออกแบบฐานข้อมูล,DATABASE ANALYSIS AND DESIGN,3,3,3
342748,ความมั่นคงเทคโนโลยีสารสนเทศ,INFORMATION TECHNOLOGY SECURITY,3,3,3
342749,เทคโนโลยีการสื่อสารเคลื่อนที่และเครือข่ายไร้สาย,MOBILE AND WIRELESS NETWORKING TECHNOLOGY,3,3,3
342766,เครือข่ายคอมพิวเตอร์ขั้นสูง,ADVANCED COMPUTER NETWORKS,3,3,3
342793,ระเบียบวิธีวิจัย,RESEARCH METHODOLOGY,3,3,3
342891,สัมมนาทางเทคโนโลยีสารสนเทศ 1,SEMINAR IN INFORMATION TECHNOLOGY I,3,3,2
342892,สัมมนาทางเทคโนโลยีสารสนเทศ 2,SEMINAR IN INFORMATION TECHNOLOGY II,3,3,2
342897,การศึกษาอิสระ,INDEPENDENT STUDY,1,6,6
322372,การวิเคราะห์และออกแบบระบบ,SYSTEMS ANALYSIS AND DESIGN,3,3,3
322462,การเชื่อมต่ออินเทอร์เน็ต,INTERNETWORKING,3,3,3
342131,การโต้ตอบระหว่างมนุษย์กับคอมพิวเตอร์,HUMAN-COMPUTER INTERACTION,3,3,3
342222,เครือข่ายคอมพิวเตอร์ขั้นแนะนำ,INTRODUCTION TO COMPUTER NETWORKING,3,3,3
322327,ความมั่นคงระบบเครือข่ายคอมพิวเตอร์,COMPUTER NETWORK SECURITY,3,3,3
322254,การเขียนโปรแกรมสคริปต์,SCRIPT PROGRAMMING,3,3,3
342898,วิทยานิพนธ์,THESIS,1,37,37
342899,วิทยานิพนธ์,THESIS,1,12,12
SC334785,สหกิจศึกษา,CO-OPERATIVE EDUCATION,9,9,9
322336,ระบบฐานข้อมูลและการออกแบบ,DATABASE SYSTEMS AND DESIGN,3,3,3
322339,ปฎิบัติการระบบฐานข้อมูลและการออกแบบ,DATABASE SYSTEMS AND DESIGN LABORATORY,3,1,1
322373,การพาณิชย์อิเล็กทรอนิกส์,ELECTRONIC COMMERCE,3,3,3
322473,การพัฒนาซอฟท์แวร์และการจัดการโครงการ,SOFTWARE DEVELOPMENT AND PROJECT MANAGEMENT,3,3,3
322473,การพัฒนาซอฟท์แวร์และการจัดการโครงการ,SOFTWARE DEVELOPMENT AND PROJECT MANAGEMENT,3,3,2
322161,เทคโนโลยีสารสนเทศและการสื่อสารขั้นแนะนำ,INTRODUCTION TO INFORMATION AND COMMUNICATION TECHNOLOGY,3,3,3
SC362101,ระบบสารสนเทศทางธุรกิจ,Business Information Systems,3,3,3
SC362102,วิศวกรรมซอฟต์แวร์,Software Engineering,3,3,3
SC362103,การทำเหมืองข้อมูล,Data Mining,3,3,3
SC363305,การประมวลผลแบบกลุ่มเมฆและการประยุกต์,Cloud Computing and Application,3,3,3
SC363306,เทคโนโลยีบล็อกเชนและสกุลเงินเข้ารหัส,Blockchain and Cryptocurrency Technology,3,3,3
SC363307,เทคโนโลยีบล็อกเชนและสกุลเงินเข้ารหัส,Blockchain and Cryptocurrency Technology,3,3,3
SC362201,เทคโนโลยีการออกแบบเว็บ,Web Design Technologies,3,3,3
SC337861,หลักการการรับรู้จากระยะไกล,PRINCIPLES OF REMOTE SENSING,3,3,3
SC337881,ระบบสารสนเทศภูมิศาสตร์,GEOGRAPHIC INFORMATION SYSTEM,3,3,3
SC337898,วิทยานิพนธ์,THESIS,1,38,38
342365,การประมวลผลแบบกลุ่มเมฆและการประยุกต์,CLOUD COMPUTING AND APPLICATIONS,3,3,3
SC348802,คอมพิวเตอร์วิทัศน์,Computer Vision,3,3,3
SC313001,ระบบปฏิบัติการและการเขียนโปรแกรมซีสเต็มคอล,OPERATING SYSTEMS AND SYSTEM CALLS PROGRAMMING,3,3,3
SC313002,หลักการออกแบบพัฒนาซอฟต์แวร์,PRINCIPLES OF SOFTWARE DESIGN AND DEVELOPMENT,3,3,3
SC313003,การวิเคราะห์และออกแบบระบบ,SYSTEM ANALYSIS AND DESIGN,3,3,3
SC348808,ปฏิสัมพันธ์ระหว่างมนุษย์กับคอมพิวเตอร์และการสร้างภาพนิทัศน์จากสารสนเทศ,Human Computer Interaction and Information Visualization,3,3,3
SC348899,วิทยานิพนธ์,Thesis,1,12,12
SC363301,การบริหารและบำรุงรักษาระบบ,System Administrationand Maintenance,3,3,3
SC363302,การโปรแกรมและคำนวณเครือข่าย,Network Programming and Computing,3,3,3
SC311503,การเขียนโปรแกรมสคริปต์,SCRIPT PROGRAMMING,3,3,3
SC311302,การเขียนโปรแกรมสำหรับโมบายแอปพลิเคชั่น,Programming for Mobile Application,3,3,3
SC361001,ความบันดาลใจในวิชาชีพเทคโนโลยีสารสนเทศ,Inspiration in IT Career,1,1,1
SC361002,การเขียนโปรแกรมเชิงโครงสร้างสำหรับเทคโนโลยีสารสนเทศ,Structured Programming for Information Technology,3,3,3
SC361003,แนวคิดและการเขียนโปรแกรมเชิงวัตถุ,Object Oriented Concepts and Programming,3,3,3
SC361004,การโต้ตอบระหว่างมนุษย์กับคอมพิวเตอร์,Human-Computer Interaction,3,3,3
SC312503,การแข่งขันเขียนโปรแกรมคอมพิวเตอร์,Computer Programming Contest,3,3,3
SC362005,การวิเคราะห์และออกแบบฐานข้อมูล,Database Analysis and Design,3,3,3
SC362006,ความมั่นคงเทคโนโลยีสารสนเทศและการสื่อสาร,Information and Communication Technology Security,3,3,3
SC362007,การเขียนโปรแกรมอุปกรณ์เคลื่อนที่,Mobile Device Programming,3,3,3
SC363303,เทคโนโลยีความมั่นคงปลอดภัยไซเบอร์เกิดใหม่,Cybersecurity Emerging Technology,3,3,3
SC363304,ระบบคำนวณแบบขนานและกระจาย,Parallel and Distributed Computing System,3,3,3
SC363203,เทคโนโลยีเว็บเซอร์วิส,Web Services Technology,3,3,3
SC363204,การพัฒนาโปรแกรมประยุกต์บนเว็บด้วยภาษาจาวา,Java Web Application Development,3,3,3
SC363401,การบูรณาการการเรียนรู้กับการทำงานด้านเทคโนโลยีสารสนเทศทางธุรกิจ,Work-Integrated Learningin Business Information Technology,9,9,9
SC361005,องค์ประกอบและสถาปัตยกรรมคอมพิวเตอร์ขั้นแนะนำ,Introduction to Computer Organization and Architecture,3,3,3
SC363402,การบูรณาการการเรียนรู้กับการทำงานด้านการพัฒนาโปรแกรมประยุกต์บนอุปกรณ์เคลื่อนที่และเว็บ,Work-Integrated Learning in Mobile and Web Application Development,9,9,9
SC363403,การบูรณาการการเรียนรู้กับการทำงานด้านระบบเครือข่ายความมั่นคงเทคโนโลยีสารสนเทศและอินเทอร์เน็ตของสรรพฯ,"Work-Integrated Learning in Information Technology Systems, Network,Security",9,9,9
SC362202,การพัฒนาโปรแกรมประยุกต์บนเว็บสำหรับอุปกรณ์เคลื่อนที่,Mobile Web Application Development,3,3,3
SC362001,ระบบปฏิบัติการ,Operating Systems,3,3,3
SC348808,ปฏิสัมพันธ์ระหว่างมนุษย์กับคอมพิวเตอร์และการสร้างภาพนิทัศน์จากสารสนเทศ,Human Computer Interaction and Information Visualization,3,3,3
SC362003,เครือข่ายคอมพิวเตอร์ขั้นแนะนำ,Introduction to Computer Networking,3,3,3
SC362002,ขั้นตอนวิธีและโครงสร้างข้อมูล,Algorithms and Data Structures,3,3,3
SC362203,ระบบการจัดการเนื้อหา,Content Management System,3,3,3
SC364771,โครงงานทางเทคโนโลยีสารสนเทศ 1,Information Technology Project I,3,3,3
SC364772,โครงงานทางเทคโนโลยีสารสนเทศ 2,Information Technology Project II,3,3,3
SC362301,ตรรกะดิจิทัลและระบบฝังตัว,Digital Logic and Embedded Systems,3,3,3
SC364785,สหกิจศึกษาทางเทคโนโลยีสารสนเทศ,Co-Operative Education in Information Technology,6,6,6
SC363762,ระเบียบวิธีวิจัย,Research Methodology,3,3,3
SC362004,การเขียนโปรแกรมประยุกต์บนเว็บ,Web Application Programming,3,3,3
SC362302,เครือข่ายไร้สายและเคลื่อนที่กับอินเทอร์เน็ตของสรรพสิ่ง,Wireless and Mobile Networks with Internet of Things,3,3,3
SC362303,เทคโนโลยีสำหรับข้อมูลมหัต,Big Data Technology,3,3,3
342437,การพัฒนาโปรแกรมประยุกต์บนเว็บด้วยภาษาจาวา,JAVA WEB APPLICATION DEVELOPMENT,3,3,3
SC363001,การวิเคราะห์และออกแบบระบบ,Systems Analysis and Design,3,3,3
SC363002,การจัดการเชิงกลยุทธ์เทคโนโลยีสารสนเทศ,Strategic Management of Information Technology,3,3,3
SC363003,วิชาชีพเทคโนโลยีสารสนเทศ,Information Technology Profession,3,3,3
SC363101,การทดสอบซอฟต์แวร์และการประกันคุณภาพ,Software Testing and Quality Assurance,3,3,3
SC363103,การเป็นผู้ประกอบการเทคโนโลยีสารสนเทศ,Information Technology Entrepreneurship,3,3,3
SC328847,ใบรับรองร่วมกับอุตสาหกรรมในด้านเครือข่ายและความมั่นคง,Jointed industrial certification in network and security,3,3,3
SC328851,กระบวนทัศน์ปัญญาประดิษฐ์,Paradigms of Artificial Intelligence,3,3,3
SC328853,การเรียนรู้ของเครื่องสำหรับวิทยาการข้อมูล,Machine Learning for Data Science,3,3,3
SC328854,การวิเคราะห์ข้อมูลขนาดใหญ่และการทำเหมืองข้อมูล,Big Data Analytic and Mining,3,3,3
SC328856,วิธีการเชิงคำนวณสำหรับวิทยาการข้อมูล,Computational Methods for Data Science,3,3,3
SC328857,การคำนวณเชิงวิวัฒนาการ,Evolutionary Computing,3,3,3
SC328859,การประมวลผลภาษาธรรมชาติและการประยุกต์ใช้,Natural Language Processing and Applications,3,3,3
SC328871,หัวเรื่องพิเศษทางวิทยาการคอมพิวเตอร์และเทคโนโลยีสารสนเทศ,Special Topics in Computer Science and Information Technology,3,3,3
SC328892,สัมมนาทางวิทยาการคอมพิวเตอร์และเทคโนโลยีสารสนเทศ 2,Computer Science and Information Technology Seminar II,2,2,2
SC328897,การศึกษาอิสระ,Independent Study,1,6,6
SC363104,พาณิชย์อิเล็กทรอนิกส์และโปรแกรมประยุกต์,Electronic Commerce and Applications,3,3,3
SC328841,เทคโนโลยีเครือข่ายคอมพิวเตอร์ขั้นสูง,Advanced Computer Network Technology,3,3,3
SC328842,เทคโนโลยีไร้สาย เคลื่อนที่ อินเทอร์เน็ตของทุกสิ่ง,"Wireless, Mobile, Internet of Thing Technology",3,3,3
SC328824,การวิเคราะห์และออกแบบระบบขั้นสูง,Advanced System Analysis and Design,3,3,3
SC328834,การจัดการเทคโนโลยีสารสนเทศ,Managing Information Technology,3,3,3
SC328839,การทำเหมืองข้อมูลขั้นสูง,Advanced Data Mining,3,3,3
SC328843,ความมั่นคงทางไซเบอร์และการเจาะระบบตามหลักจรรยา,Cyber Security and Ethical Hacking,3,3,3
SC328846,ทฤษฎีสารสนเทศ,Information Theory,3,3,3
SC328852,โครงข่ายประสาทเทียม,Artificial Neural Networks,3,3,3
SC328855,การเรียนรู้เชิงลึกในการประมวลผลข้อมูล,Deep Learning for Data Processing,3,3,3
SC328858,วิศวกรรมข้อมูล,Data Engineering,3,3,3
SC328861,เทคโนโลยีการประมวลผลภาพ,Image Processing Technology,3,3,3
SC328891,สัมมนาทางวิทยาการคอมพิวเตอร์และเทคโนโลยีสารสนเทศ 1,Computer Science and Information Technology Seminar I,2,2,2
SC328898,วิทยานิพนธ์,Thesis,1,37,37
SC328899,วิทยานิพนธ์,Thesis,1,12,12
342991,สัมมนาทางเทคโนโลยีสารสนเทศ 1,INFORMATION TECHNOLOGY SEMINAR I,1,1,1
342992,สัมมนาทางเทคโนโลยีสารสนเทศ 2,INFORMATION TECHNOLOGY SEMINAR II,1,1,1
342993,สัมมนาทางเทคโนโลยีสารสนเทศ 3,INFORMATION TECHNOLOGY SEMINAR III,1,1,1
342997,ดุษฎีนิพนธ์,DISSERTATION,1,54,54
342998,ดุษฎีนิพนธ์,DISSERTATION,1,48,48
SC328831,กระบวนการพัฒนาซอฟต์แวร์ขั้นสูง,Advanced Software Process,3,3,3
SC328832,กลยุทธ์ประสบการณ์ผู้ใช้,User Experience Strategy,3,3,3
SC328833,หลักการของระบบฐานข้อมูลและการออกแบบ,Principles of Database System and Design,3,3,3
SC328835,การจัดการฐานข้อมูลสมัยใหม่,Modern Database Management,3,3,3
SC328836,เว็บแบบสื่อความหมายและวิศวกรรมออนโทโลยี,Semantic Web and Ontology Engineering,3,3,3
SC328837,การพิจารณาธุรกิจโดยใช้เทคโนโลยีไร้สายยุคที่ห้า อินเทอร์เน็ตของสรรพสิ่ง และปัญญาประดิษฐ์,Business Consideration for 5G IoT and Artificial Intelligence,3,3,3
SC328838,ระบบธุรกิจอัจฉริยะขั้นสูง,Advanced Business Intelligence,3,3,3
SC328844,เทคโนโลยีระบบขนานและกระจาย,Parallel and Distributed System Technology,3,3,3
SC328845,ระบบฝังตัวและเทคโนโลยีหุ่นยนต์,Embedded Systems and Robotics Technology,3,3,3
SC363105,การปรับปรุงกระบวนการซอฟต์แวร์,Software Process Improvement,3,3,3
SC363106,ระบบการวางแผนทรัพยากรองค์กร,Enterprise Resource Planning System,3,3,3
SC363201,เทคโนโลยีเอ็กซ์เอ็มแอลและการประยุกต์,XML Technologies and Applications,3,3,3
SC363202,เทคโนโลยีเว็บแบบสื่อความหมาย,Semantic Web Technology,3,3,3
SC311003,การเขียนโปรแกรมเชิงวัตถุ,OBJECT – ORIENTED PROGRAMMING,3,3,3
SC311004,สถาปัตยกรรมระบบคอมพิวเตอร์,COMPUTER SYSTEMS ARCHITECTURE,3,3,3
SC311301,การพัฒนาโปรแกรมประยุกต์บนเว็บ,WEB APPLICATION DEVELOPMENT,3,3,3
SC348803,การคำนวณที่ได้แรงบันดาลใจจากธรรมชาติ,Nature-Inspired Computing,3,3,3
SC312105,วิศวกรรมข้อมูลขั้นพื้นฐาน,BASICS OF DATA ENGINEERING,3,3,3
SC312104,วิทยาการข้อมูลขั้นแนะนำ,INTRODUCTION TO DATA SCIENCE,3,3,3
SC338887,สถิติศาสตร์เชิงพื้นที่,SPATIAL STATISTICS,3,3,3
SC320001,เทคโนโลยีสารสนเทศและการสื่อสารขั้นแนะนำ,INTRODUCTION TO INFORMATION AND COMMUNICATION TECHNOLOGY,3,3,3
SC313304,เครือข่ายเซ็นเซอร์ไร้สาย,WIRELESS SENSOR NETWORKS,3,3,3
SC313305,คลาวน์คอมพิวติ้งขั้นนำ,INTRODUCTION TO CLOUD COMPUTING,3,3,3
SC313306,อินเตอร์เน็ตของสรรพสิ่ง,INTERNET OF THINGS,3,3,3
SC313402,การเข้ารหัสและความมั่นคงระบบเครือข่าย,CRYPTOGRAPHY AND NETWORK SECURITY,3,3,3
SC313403,ความมั่นคงสารสนเทศและไซเบอร์,INFORMATION AND CYBER SECURITY,3,3,3
SC313404,การบริหารระบบคอมพิวเตอร์และเครือข่าย,COMPUTER SYSTEM AND NETWORK ADMINISTRATION,3,3,3
SC313501,หลักภาษาโปรแกรม,PRINCIPLES OF PROGRAMMING LANGUAGES,3,3,3
SC313502,การออกแบบภาษาโปรแกรม,PROGRAMMING LANGUAGE DESIGN,3,3,3
SC313503,การเขียนซอฟต์แวร์อัตโนมัติ,AUTOMATIC PROGRAMMING,3,3,3
SC313504,การประกันคุณภาพซอฟต์แวร์,SOFTWARE QUALITY ASSURANCE,3,3,3
SC313505,การปรับปรุงและประเมินกระบวนการซอฟต์แวร์,SOFTWARE PROCESS APPRAISALS AND IMPROVEMENT,3,3,3
SC313761,สัมมนาทางวิทยาการคอมพิวเตอร์,SEMINAR IN COMPUTER SCIENCE,1,1,1
SC313762,ระเบียบวิธีวิจัย,RESEARCH METHODOLOGY,3,3,3
SC411224,ภาษาอังกฤษเทคนิคสำหรับวิทยาศาสตร์และเทคโนโลยี 2,TECHNICAL ENGLISH FOR SCIENCES AND TECHNOLOGY II,3,3,3
SC310002,โครงสร้างข้อมูล,DATA STRUCTURES,3,3,3
SC338872,ทรัพยากรที่ดินและสิ่งแวดล้อม,LAND RESOURCES AND ENVIRONMENT,3,3,3
SC338883,ระบบการจัดการฐานข้อมูลและมาตรฐานระบบสารสนเทศภูมิศาสตร์,DATABASE MANAGEMENT SYSTEM AND GEOGRAPHIC INFORMATION SYSTEM STANDARD,3,3,3
SC337892,สัมมนาทางการรับรู้จากระยะไกลและระบบสารสนเทศภูมิศาสตร์ 2,REMOTE SENSING AND GEOGRAPHICIINFORMATION SYSTEM SEMINAR II,1,1,1
SC337897,การศึกษาอิสระ,INDEPENDENT STUDY,6,6,6
SC337899,วิทยานิพนธ์,THESIS,1,12,12
SC338863,การรับรู้จากระยะไกลไมโครเวฟ,MICROWAVE REMOTE SENSING,3,3,3
SC348701,แบบจำลองข้อมูลและการจัดการข้อมูล,Data Modeling and Management,3,3,3
342264,เทคโนโลยีเคลื่อนที่และไร้สาย,MOBILE AND WIRELESS TECHNOLOGY,3,3,3
342266,การพัฒนาโปรแกรมประยุกต์บนเว็บสำหรับอุปกรณ์เคลื่อน,MOBILE WEB APPLICATION DEVELOPMENT,3,3,3
SC312103,การค้นคืนสารสนเทศ,INFORMATION RETRIEVAL,3,3,3
SC312301,เครือข่ายการสื่อสารไร้สายและอุปกรณ์เคลื่อนที่,WIRELESS AND MOBILE COMMUNICATION NETWORKS,3,3,3
SC312302,เทคโนโลยีการออกแบบเว็บ,WEB DESIGN TECHNOLOGIES,3,3,3
SC312303,การพัฒนาแอปพลิเคชันบนอุปกรณ์เคลื่อนที่,MOBILE APPLICATION DEVELOPMENT,3,3,3
SC312401,พาณิชย์อิเล็กทรอนิกส์และโปรแกรมประยุกต์,ELECTRONIC COMMERCE AND APPLICATIONS,3,3,3
SC311001,วิทยาการคอมพิวเตอร์หลักมูล,FUNDAMENTALS OF COMPUTER SCIENCE,3,3,3
SC311002,การเขียนโปรแกรมเชิงโครงสร้างสำหรับวิทยาการคอมพิวเตอร์,STRUCTURED PROGRAMMING FOR COMPUTER SCIENCE,3,3,3
SC331021,เทคโนโลยีสารสนเทศขั้นพื้นฐาน,BASICS OF INFORMATION TECHNOLOGY,3,3,3
SC331001,หลักมูลภูมิสารสนเทศศาสตร์,FUNDAMENTALS OF GEO-INFORMATICS,3,3,3
SC338884,ระบบสารสนเทศภูมิศาสตร์บนอินเตอร์เน็ต,INTERNET GEOGRAPHIC INFORMATION SYSTEM,3,3,3
SC338888,ระบบสารสนเทศภูมิศาสตร์สำหรับการวางผังเมือง,GEOGRAPHIC INFORMATION SYSTEM FOR URBAN PLANNING,3,3,3
SC338894,ปัญหาพิเศษทางภูมิสารสนเทศศาสตร์,SPECIAL PROBLEMS IN GEO-INFORMATICS,3,3,3
SC313303,การพัฒนาโปรแกรมประยุกต์สำหรับองค์กร,ENTERPRISE APPLICATION DEVELOPMENT,3,3,3
SC312501,การเขียนโปรแกรมภาษาจาวาขั้นสูง,ADVANCE PROGRAMMING IN JAVA,3,3,3
SC310001,การเขียนโปรแกรมคอมพิวเตอร์ 1,COMPUTER PROGRAMMING I,3,3,3
SC333302,การประยุกต์ทำแผนที่บนเว็บ,WEB MAPPING APPLICATION,3,3,3
SC333303,การออกแบบและมาตรฐานของฐานข้อมูลเชิงพื้นที่,DESIGN AND STANDARD GEO-SPATIAL DATABASE,3,3,3
SC332211,รูปถ่ายทางอากาศและการแปลความหมาย,AERIAL PHOTOGRAPH AND INTERPRETATION,3,3,3
SC331032,ภูมิศาสตร์กายภาพ,"PHYSICAL GEOGRAPHY
PHYSICAL",3,3,3
SC312005,เครือข่ายคอมพิวเตอร์,COMPUTER NETWORKS,3,3,3
SC312006,การวิเคราะห์ขั้นตอนวิธี,ANALYSIS OF ALGORITHM,3,3,3
SC312101,การเรียนรู้เชิงเครื่องจักรสำหรับวิทยาการข้อมูล,MACHINE LEARNING FOR DATA SCIENCE,3,3,3
SC312102,การจัดการความรู้,KNOWLEDGE MANAGEMENT,3,3,3
SC312001,โครงสร้างข้อมูล,DATA STRUCTURES,3,3,3
SC312002,การโต้ตอบระหว่างมนุษย์และคอมพิวเตอร์,HUMAN COMPUTER INTERACTION,3,3,3
SC312201,พื้นฐานการเขียนโปรแกรมเกม,BASIC OF GAME PROGRAMMING,3,3,3
SC311503,การเขียนโปรแกรมสคริปต์,SCRIPT PROGRAMMING,3,3,3
340728,แนวคิด ทฤษฎี และการประยุกต์ข้อมูลขนาดใหญ่,"BIG DATA CONCEPTS, THEORIES AND APPLICATIONS",3,3,3
342267,การเขียนโปรแกรมอุปกรณ์เคลื่อนที่,MOBILE DEVICE PROGRAMMING,3,3,3
SC312003,ระบบจัดการฐานข้อมูลและการออกแบบฐานข้อมูล,DATABASE MANAGEMENT SYSTEM AND DATABASE DESIGN,3,3,3
SC312004,ปฏิบัติการระบบฐานข้อมูลและการออกแบบ,DATABASE SYSTEMS AND DESIGN LABORATORY,1,1,1
SC363102,ระบบธุรกิจอัจฉริยะ,Business Intelligence System,3,3,3
SC334703,โครงงานวิจัยทางภูมิสารสนเทศศาสตร์,RESEARCH PROJECT IN GEO-INFORMATICS,3,3,3
SC310003,ระบบฐานข้อมูลและการออกแบบ,DATABASE SYSTEMS AND DESIGN,3,3,3
SC310004,ปฎิบัติการระบบฐานข้อมูลและการออกแบบ,DATABASE SYSTEMS AND DESIGN LABORATORY,1,1,1
SC312401,การพาณิชย์อิเล็กทรอนิกส์,ELECTRONIC COMMERCE,3,3,3
SC314774,โครงงานวิทยาการคอมพิวเตอร์ 1,COMPUTER SCIENCE PROJECT I,3,3,3
SC348701,แบบจำลองข้อมูลและการจัดการข้อมูล,Data Modeling and Management,2,2,2
SC348702,การเรียนรู้ของเครื่อง,Machine Learning,3,3,3
SC348703,การเขียนโปรแกรมคอมพิวเตอร์สำหรับวิทยาการข้อมูลและปัญญาประดิษฐ์,Computer Programming for Data Science and Artificial Intelligence,2,2,2
SC310006,การพัฒนาโปรแกรมประยุกต์สำหรับอุปกรณ์เคลื่อนที่และเว็บ,Mobile and Web Application Development,3,3,3
SC328781,ระเบียบวิธีวิจัย,Research Methodology,3,3,3
SC328811,ภาษาโปรแกรม,Programming Languages,3,3,3
SC328812,การพัฒนาโปรแกรมประยุกต์ข้ามแพลตฟอร์ม,Cross-Platform Application Development,3,3,3
SC328813,การพัฒนาโปรแกรมประยุกต์บนเว็บขั้นสูง,Advanced Web Application Development,3,3,3
SC328821,ทฤษฎีการคำนวณ,Theory of Computation,3,3,3
SC328822,การวิเคราะห์และออกแบบขั้นตอนวิธี,Algorithm Analysis and Design,3,3,3
SC329971,หัวข้อพิเศษทางวิทยาการคอมพิวเตอร์และเทคโนโลยีสารสนเทศ 1,Special Topics in Computer Science and Information Technology I,3,3,3
SC329972,หัวข้อพิเศษทางวิทยาการคอมพิวเตอร์และเทคโนโลยีสารสนเทศ 2,Special Topics in Computer Science and Information Technology II,3,3,3
SC329973,หัวข้อพิเศษทางวิทยาการคอมพิวเตอร์และเทคโนโลยีสารสนเทศ 3,Special Topics in Computer Science and Information Technology III,3,3,3
SC329981,ระเบียบวิธีวิจัย,Research Methodology,3,3,3
SC329991,สัมมนาดุษฎีนิพนธ์ 1,Dissertation Seminar I,1,1,1
SC329992,สัมมนาดุษฎีนิพนธ์ 2,Dissertation Seminar II,1,1,1
SC329993,สัมมนาดุษฎีนิพนธ์ 3,Dissertation Seminar III,1,1,1
SC329996,ดุษฎีนิพนธ์,Dissertation,1,54,54
SC329997,ดุษฎีนิพนธ์,Dissertation,1,72,72
SC329998,ดุษฎีนิพนธ์,Dissertation,1,42,42
SC329999,ดุษฎีนิพนธ์,Dissertation,1,48,48
SC320002,ธุรกิจอัจฉริยะ: การจัดการกระบวนการอย่างอัจฉริยะ,Business Intelligence: Smart Process Management,6,6,6
SC310005,การประยุกต์ปัญญาประดิษฐ์และการเรียนรู้ของเครื่อง,Artificial Intelligence and Machine Learning Application,3,3,3
SC332002,ระบบสารสนเทศภูมิศาสตร์ขั้นแนะนำ,INTRODUCTION TO GEOGRAPHIC INFORMATION SYSTEM,3,3,3
SC332101,ภูมิสารสนเทศศาสตร์สำหรับชีวิตประจำวัน,GEO-INFORMATICS FOR DAILY LIFE,2,2,2
SC332011,หลักมูลการรับรู้จากระยะไกล,FUNDAMENTALS OF REMOTE SENSING,3,3,3
SC332131,ระบบนิเวศป่าไม้และการจัดการ,FOREST ECOSYSTEMS AND MANAGEMENT,3,3,3
SC331031,ธรณีวิทยาขั้นแนะนำ,INTRODUCTION TO GEOLOGY,2,2,2
SC333301,การเขียนโปรแกรมในระบบสารสนเทศภูมิศาสตร์,PROGRAMMING IN GEOGRAPHIC INFORMATION SYSTEM,3,3,3
SC348705,ธุรกิจอัจฉริยะและการวิเคราะห์,Business Intelligence and Analytics,3,3,3
SC348801,การแทนความรู้,Knowledge Representation,3,3,3
SC348804,การหาค่าที่เหมาะสมแบบหลายเกณฑ์และการวิเคราะห์การตัดสินใจ,Multicriteria Optimization and Decision Analysis,3,3,3
SC348805,ภาษาศาสตร์คอมพิวเตอร์,Computation Linguistics,3,3,3
SC348806,แนวโน้มในการเรียนรู้ของเครื่อง,Recent Trends in Machine Learning,3,3,2
SC348807,การวิเคราะห์เครือข่ายสังคม,Social Network Analysis,3,3,3
SC348809,ระบบกระจาย,Distributed Systems,3,3,3
SC348811,การวิเคราะห์ข้อมูลเชิงพื้นที่และเชิงเวลา,Spatial Temporal Data Analysis,3,3,3
SC348897,การศึกษาอิสระ,Independent Study,6,6,6
SC348898,วิทยานิพนธ์,Thesis,1,38,38
SC332103,ระบบดาวเทียมนำทางสากลขั้นแนะนำ,INTRODUCTION TO GLOBAL NAVIGATION SATELLITE SYSTEM,3,3,3
322444,การวิเคราะห์ข้อมูลขนาดใหญ่โดยแรพพิดไมเนอร์,BIG DATA ANALYTICS USING RAPIDMINER,3,3,3
SC337862,การประมวลผลภาพเชิงเลข,DIGITAL IMAGE PROCESSING,3,3,3
SC337891,สัมมนาทางการรับรู้จากระยะไกลและระบบสารสนเทศ สัมมนาทางการรับรู้จากระยะไกลและระบบสารสนเทศภูมิศาสตร์ 1,REMOTE SENSING AND GEOGRAPHIC INFORMATION SYSTEM SEMINAR I,3,1,1
SC314785,สหกิจศึกษาทางวิทยาการคอมพิวเตอร์,CO-OPERATIVE EDUCATION IN COMPUTER SCIENCE,6,6,6
SC314775,โครงงานวิทยาการคอมพิวเตอร์ 2,COMPUTER SCIENCE PROJECT II,3,3,3
SC322301,ตรรกะดิจิทัลและระบบฝังตัว,DIGITAL LOGIC AND EMBEDDED SYSTEMS,3,3,3
SC323004,การบริหารโครงการ,PROJECT MANAGEMENT,3,3,3
SC323107,การเป็นผู้ประกอบการเทคโนโลยีสารสนเทศ,INFORMATION TECHNOLOGY ENTREPRENEURSHIP,3,3,3
SC348704,ปัญญาประดิษฐ์,Artificial Intelligence,3,3,3
SC348810,การพัฒนาซอฟต์แวร์และการจัดการโครงการสำหรับวิทยาการข้อมูลและปัญญาประดิษฐ์,Software Development and Project Management for Data Science and Artificial Intelligence,3,3,3
SC313103,การวิเคราะห์วิทยาข้อมูลและการทำเหมืองข้อมูล,DATA ANALYTICS AND MINING,3,3,3
SC319911,การออกแบบภาษาโปรแกรม,PROGRAMMING LANGUAGE DESIGN,3,3,3
SC319912,การเขียนโปรแกรมแบบขนาน,PARALLEL PROGRAMMING,3,3,3
SC319921,คณิตศาสตร์ดิสครีตขั้นสูง,ADVANCED DISCRETE MATHEMATICS,3,3,3
SC319922,ทฤษฎีการคำนวณ,THEORY OF COMPUTATION,3,3,3
SC319923,การออกแบบและวิเคราะห์ขั้นตอนวิธี,DESIGN AND ANALYSIS OF ALGORITHMS,3,3,3
SC319924,การวิเคราะห์เชิงตัวเลขและการประยุกต์,NUMERICAL ANALYSIS AND APPLICATIONS,3,3,3
SC319925,ทฤษฎีของระบบปฏิบัติการ,THEORY OF OPERATING SYSTEM,3,3,3
SC319926,วิธีสถิติแบบหลายตัวแปร,MULTIVARIATE STATISITCAL METHODS,3,3,3
SC319931,ระบบฐานข้อมูล,DATABASE SYSTEMS,3,3,3
SC319932,วิธีวิทยาซอฟต์แวร์,SOFTWARE METHODOLOGY,3,3,3
SC319933,การออกแบบเชิงวัตถุ,OBJECT-ORIENTED DESIGN,3,3,3
SC319934,การจัดการโครงการซอฟต์แวร์ขนาดใหญ่,LARGE SCALE SOFTWARE PROJECT MANAGEMENT,3,3,3
SC319941,การจัดระบบคอมพิวเตอร์,COMPUTER SYSTEM ORGANIZATION,3,3,3
SC319942,เครือข่ายคอมพิวเตอร์,COMPUTER NETWORKS,3,3,3
SC319943,การออกแบบระบบดิจิทัลที่ทนต่อความผิดพร่อง,DESIGN OF FAULT-TOLERANT DIGITAL SYSTEMS,3,3,3
SC319994,สัมมนาดุษฎีนิพนธ์ 4,DISSERTATION SEMINAR IV,1,1,1
SC319944,การวิเคราะห์ระบบคอมพิวเตอร์,COMPUTER SYSTEM ANALYSIS,3,3,3
SC319945,ระบบคอมพิวเตอร์แบบกระจาย,DISTRIBUTED COMPUTER SYSTEMS,3,3,3
SC319946,ขั้นตอนวิธีเชิงตัวเลขแบบขนาน,PARALLEL NUMERICAL ALGORITHMS,3,3,3
SC319951,กระบวนทัศน์ปัญญาประดิษฐ์,PARADIGMS OF ARTIFICIAL INTELLIGENCE,3,3,3
SC319971,หัวข้อพิเศษทางวิทยาการคอมพิวเตอร์ 1,SPECIAL TOPICS IN COMPUTER SCIENCE I,3,3,3
SC319972,หัวข้อพิเศษทางวิทยาการคอมพิวเตอร์ 2,SPECIAL TOPICS IN COMPUTER SCIENCE II,3,3,3
SC319973,หัวข้อพิเศษทางวิทยาการคอมพิวเตอร์ 3,SPECIAL TOPICS IN COMPUTER SCIENCE III,3,3,3
SC319974,หัวข้อพิเศษทางวิทยาการคอมพิวเตอร์ 4,SPECIAL TOPICS IN COMPUTER SCIENCE IV,3,3,3
SC319975,หัวข้อพิเศษทางวิทยาการคอมพิวเตอร์ 5,SPECIAL TOPICS IN COMPUTER SCIENCE V,3,3,3
SC319981,ระเบียบวิธีวิจัย,RESEARCH METHODOLOGY,2,2,2
SC319991,สัมมนาดุษฎีนิพนธ์ 1,DISSERTATION SEMINAR I,1,1,1
SC319992,สัมมนาดุษฎีนิพนธ์ 2,DISSERTATION SEMINAR II,1,1,1
SC319993,สัมมนาดุษฎีนิพนธ์ 3,DISSERTATION SEMINAR III,1,1,1
SC319996,ดุษฎีนิพนธ์,DISSERTATION,1,48,48
SC319997,ดุษฎีนิพนธ์,DISSERTATION,1,72,72
SC319998,ดุษฎีนิพนธ์,DISSERTATION,1,36,36
SC319999,ดุษฎีนิพนธ์,DISSERTATION,1,48,48
SC337961,การรับรู้จากระยะไกลขั้นสูง,ADVANCED REMOTE SENSING,3,3,3
SC337981,ระบบสารสนเทศภูมิศาสตร์ขั้นสูง,ADVANCED GEOGRAPHIC INFORMATION SYSTEM,3,3,3
SC337991,สัมมนาดุษฎีนิพนธ์ 1,DISSERTATION SEMINAR I,3,3,1
SC337992,สัมมนาดุษฎีนิพนธ์ 2,DISSERTATION SEMINAR II,3,3,1
SC337993,สัมมนาดุษฎีนิพนธ์ 3,DISSERTATION SEMINAR III,3,3,1
SC337996,ดุษฎีนิพนธ์,DISSERTATION,1,48,48
SC337997,ดุษฎีนิพนธ์,DISSERTATION,1,72,72
SC337998,ดุษฎีนิพนธ์,DISSERTATION,1,36,36
SC337999,ดุษฎีนิพนธ์,DISSERTATION,1,48,48
342496,โครงงานคอมพิวเตอร์ 2,COMPUTER PROJECT II,3,3,3
SC313004,วิศวกรรมซอฟต์แวร์,SOFTWARE ENGINEERING,3,3,3
SC313005,ทฤษฎีการคำนวณ,THEORY OF COMPUTATION,3,3,3
SC313006,ปัญญาประดิษฐ์,ARTIFICIAL INTELLIGENCE,3,3,3
SC313101,วิทยาการคำนวณ,COMPUTATIONAL SCIENCE,3,3,3
SC313102,โครงข่ายประสาท,NEURAL NETWORKS,3,3,3
SC313103,การวิเคราะห์วิทยาข้อมูลและการทำเหมืองข้อมูล,DATA ANALYTICS AND MINING,3,3,3
SC313107,การวิเคราะห์ข้อมูลขนาดใหญ่,BIG DATA ANALYTICS,3,3,3
SC313201,การประมวลผลภาพดิจิทัล,DIGITAL IMAGE PROCESSING,3,3,3
SC313302,การเชื่อมต่ออินเตอร์เน็ต,INTERNETWORKING,3,3,3
SC333033,ภูมิศาสตร์ของดิน,SOIL GEOGRAPHY,3,3,3
SC334003,ภูมิสารสนเทศศาสตร์ประยุกต์,APPLIED GEO-INFORMATICS,3,3,3
SC332102,หลักการทำแผนที่,PRINCIPLES OF CARTOGRAPHY,2,2,2
SC332213,การสำรวจรังวัดและระบบกำหนดตำแหน่งบนโลก,SURVEYING AND GLOBAL POSITIONING SYSTEM,3,3,3
SC333201,การวิเคราะห์เชิงพื้นที่,GEOSPATIAL ANALYSIS,3,3,3
SC333012,การประมวลผลเชิงเลขของข้อมูลจากดาวเทียม,DIGITAL PROCESSING OF SATELLITE DATA,3,3,3
SC333212,หลักการโฟโตแกรมเมตรี,PRINCIPLES OF PHOTOGRAMMETRY,3,3,3
SC333214,การรับรู้จากระยะไกลด้วยคลื่นไมโครเวฟขั้นแนะนำ,INTRODUCTION TO MICROWAVE REMOTE SENSING,3,3,3
SC333034,การวางแผนการใช้ที่ดินขั้นแนะนำ,INTRODUCTION TO LAND USE PLANNING,3,3,3
SC333202,การวางผังเมืองและภูมิสารสนเทศศาสตร์,CITY PLANNING AND GEO-INFORMATICS,3,3,3
SC333701,สัมมนาทางภูมิสารสนเทศศาสตร์,SEMINAR IN GEO-INFORMATICS,3,3,1
SC333702,ระเบียบวิธีวิจัยทางภูมิสารสนเทศศาสตร์,RESEARCH METHODOLOGY IN GEO-INFORMATICS,3,3,3
CP353203,การพัฒนาโปรแกรมประยุกต์เสมือนจริง,Virtual Reality Application Development,3,3,3
CP378811,ระบบดาวเทียมนาทางสากล,Global Navigation Satellite System,3,3,3
CP378821,หลักการการรับรู้จากระยะไกล,Principles of Remote Sensing,3,3,3
CP378831,ระบบสารสนเทศภูมิศาสตร์,Geographic Information System,3,3,3
CP378891,สัมมนาทางภูมิสารสนเทศศาสตร์ 1,Geo-Informatics Seminar I,1,1,1
CP378892,สัมมนาทางภูมิสารสนเทศศาสตร์ 2,Geo-Informatics Seminar II,1,1,1
CP378897,การศึกษาอิสระ,Independent Study,6,6,6
CP353204,การพัฒนาโปรแกรมประยุกต์บนเว็บ,Web Application Development,3,3,3
CP353301,การเชื่อมต่ออินเทอร์เน็ต,Internetworking,3,3,3
CP353302,ความมั่นคงสารสนเทศและไซเบอร์,Information and Cyber Security,3,3,3
CP353303,วิทยาการเข้ารหัสลับและความมั่นคงระบบเครือข่าย,Cryptography and Network Security,3,3,3
CP353304,การวางระบบอัตโนมัติแพลตฟอร์มสมาร์ต,Smart Platform Automation,3,3,3
CP353305,อินเทอร์เน็ตของสรรพสิ่ง,Internet of Things,3,3,3
CP353306,วิศวกรรม DevOps,DevOps Engineering,3,3,3
CP353761,สัมมนาทางวิทยาการคอมพิวเตอร์,Seminar in Computer Science,1,1,1
CP353764,ระเบียบวิธีวิจัย,Research Methodology,3,3,3
CP353796,การฝึกงานทางวิทยาการคอมพิวเตอร์,Internship in Computer Science,3,3,3
CP354771,โครงงานทางวิทยาการคอมพิวเตอร์ 1,Computer Science Project I,3,3,3
CP354772,โครงงานทางวิทยาการคอมพิวเตอร์ 2,Computer Science Project II,3,3,3
CP354785,สหกิจศึกษาทางวิทยาการคอมพิวเตอร์,Co-Operative Education in Computer Science,6,6,6
CP350001,การเขียนโปรแกรมคอมพิวเตอร์ 1,Computer Programming I,3,3,3
CP350002,โครงสร้างข้อมูล,Data Structure,3,3,3
CP371041,ภูมิศาสตร์กายภาพ,Physical Geography,3,3,3
CP372002,ระบบสารสนเทศภูมิศาสตร์ขั้นแนะนำ,Introduction to Geographic Information System,3,3,3
CP372011,หลักมูลการรับรู้จากระยะไกล,Fundamentals of Remote Sensing,3,3,3
CP372012,การประมวลผลเชิงเลขของข้อมูลจากดาวเทียม,Digital Processing of Satellite Data,3,3,3
CP372021,ระบบดาวเทียมนาทางสากลขั้นแนะนำ,Introduction to Global Navigation Satellite System,3,3,3
CP373003,หลักการทำแผนที่,Principles of Cartography,3,3,3
CP373004,ภูมิสารสนเทศศาสตร์ประยุกต์,Applied Geo-informatics,3,3,3
CP373032,การเขียนโปรแกรมในระบบสารสนเทศภูมิศาสตร์,Programming in Geographic Information System,3,3,3
CP373042,การวางแผนการใช้ที่ดินขั้นแนะนำ,Introduction to Land Use Planning,3,3,3
CP373101,การวางผังเมืองและภูมิสารสนเทศศาสตร์,City Planning and Geo-informatics,3,3,3
CP373111,การรับรู้จากระยะไกลด้วยคลื่นไมโครเวฟขั้นแนะนำ,Introduction to Microwave Remote Sensing,3,3,3
CP373112,การทำแผนที่ด้วยอากาศยานไร้คนขับ,Unmanned Aerial Vehicle Mapping,3,3,3
CP373122,การสารวจรังวัดเบื้องต้น,Introduction to Surveying,3,3,3
CP373201,การวิเคราะห์เชิงพื้นที่,Geospatial Analysis,3,3,3
CP373231,การประยุกต์ทาแผนที่บนเว็บ,Web mapping application,3,3,3
CP373232,การจัดการฐานข้อมูลเชิงพื้นที่,Spatial Database Management,3,3,3
CP373701,ระเบียบวิธีวิจัยในภูมิสารสนเทศศาสตร์,Research Methodology in Geo-informatics,3,3,3
CP374702,โครงงานวิจัยในภูมิสารสนเทศศาสตร์ 1,Research Project in Geo-Informatics I,3,3,3
CP374703,โครงงานวิจัยในภูมิสารสนเทศศาสตร์ 2,Research Project in Geo-Informatics II,3,3,3
CP379981,ระเบียบวิธีวิจัย,Research Methodology,3,3,3
CP379991,สัมมนาดุษฎีนิพนธ์ 1,Dissertation Seminar I,1,1,1
CP379992,สัมมนาดุษฎีนิพนธ์ 2,Dissertation Seminar II,1,1,1
CP379993,สัมมนาดุษฎีนิพนธ์ 3,Dissertation Seminar III,1,1,1
CP379996,ดุษฎีนิพนธ์,Dissertation,1,48,48
CP379997,ดุษฎีนิพนธ์,Dissertation,1,72,72
CP379998,ดุษฎีนิพนธ์,Dissertation,1,36,36
CP379999,ดุษฎีนิพนธ์,Dissertation,1,48,48
CP001001,เอ บี ซี ดี สำหรับทุกวิชาชีพ,ABCD for All Professions,3,3,3
CP378898,วิทยานิพนธ์,Thesis,1,38,38
CP378899,วิทยานิพนธ์,Thesis,1,12,12
CP373702,โครงงานวิจัยในภูมิสารสนเทศศาสตร์ 1,Research Project in Geo-Informatics I,3,3,3
CP373703,โครงงานวิจัยในภูมิสารสนเทศศาสตร์ 2,Research Project in Geo-Informatics II,3,3,3
CP373784,การฝึกงานทางภูมิสารสนเทศศาสตร์,Internship in Geo-Informatics,3,3,3
CP373785,สหกิจศึกษาทางภูมิสารสนเทศศาสตร์,Co-Operative Education in Geo-Infromatics,6,6,6
CP378721,การรับรู้จากระยะไกลไมโครเวฟ,Microwave Remote Sensing,3,3,3
CP378722,การทำแผนที่ด้วยอากาศยานไร้คนขับแบบอัจฉริยะ,Intelligent Unmanned Aerial Vehicle Mapping,3,3,3
CP378731,ระบบสารสนเทศการจัดการทรัพยากร,Resource Management Information System,3,3,3
CP378732,สถิติศาสตร์เชิงพื้นที่,Spatial Statistics,3,3,3
CP378733,ระบบการจัดการฐานข้อมูลและมาตรฐานระบบสารสนเทศภูมิศาสตร์,Database Management System and Geographic Information System Standard,3,3,3
CP378734,ระบบสารสนเทศภูมิศาสตร์บนอินเทอร์เน็ต,Internet Geographic Information System,3,3,3
CP378735,แบบจำลองและการวิเคราะห์ข้อมูลเชิงพื้นที่,Spatial Data Analytics and Modeling,3,3,3
CP378736,การเขียนโปรแกรมขั้นสูงในระบบสารสนเทศภูมิศาสตร์,Advanced Programming in Geographic Information System,3,3,3
CP378737,ระบบสารสนเทศภูมิศาสตร์สาหรับการวางผังเมือง,Geographic Information System for Urban Planning,3,3,3
CP378741,ทรัพยากรที่ดินและสิ่งแวดล้อม,Land Resources and Environment,3,3,3
CP378742,การประเมินที่ดินและการวางแผนการใช้ที่ดิน,Land Evaluation and Land Use Planning,3,3,3
CP378771,ปัญหาพิเศษทางภูมิสารสนเทศศาสตร์,Special Problems in Geo-Informatics,3,3,3
CP002001,การเตรียมความพร้อมก่อนปฏิบัติงานสหกิจศึกษาสำหรับนักศึกษาวิทยาลัยการคอมพิวเตอร์,Orientation to Co-Operative Education for Computing Students,1,1,1
CP351003,การเขียนโปรแกรมเชิงวัตถุ,Object Oriented Programming,3,3,3
CP351004,สถาปัตยกรรมคอมพิวเตอร์,Computer Architecture,3,3,3
CP351101,วิทยาการคำนวณ,Computational Science,3,3,3
CP351201,คอมพิวเตอร์แอนิเมชัน,Computational Science,3,3,3
CP371001,หลักมูลภูมิสารสนเทศศาสตร์,Fundamentals of Geo-informatics,3,3,3
CP371031,เทคโนโลยีสารสนเทศขั้นพื้นฐาน,Basics of Information Technology,3,3,3
CP351001,วิทยาการคอมพิวเตอร์หลักมูล,Fundamental Computer Science,3,3,3
CP351002,การเขียนโปรแกรมเชิงโครงสร้างสำหรับวิทยาการคอมพิวเตอร์,Structure Programming Languages for Computer Science,3,3,3
CP352001,โครงสร้างข้อมูล,Data Structure,3,3,3
CP352002,การออกแบบประสบการณ์ผู้ใช้,User Experience Design,3,3,3
CP352003,ระบบจัดการฐานข้อมูลและการออกแบบฐานข้อมูล,Database Management System and Database Design,3,3,3
CP352004,ปฏิบัติการระบบจัดการฐานข้อมูลและการออกแบบฐานข้อมูล,Database Management System and Database Design Laboratory,1,1,1
CP352005,เครือข่ายคอมพิวเตอร์,Computer Networks,3,3,3
CP352006,การวิเคราะห์ขั้นตอนวิธี,Analysis of Algorithms,3,3,3
CP352101,วิทยาการข้อมูลขั้นแนะนำ,Introduction to Data Science,3,3,3
CP352102,การประมวลผลภาพดิจิทัล,Digital Image Processing,3,3,3
CP352103,การเขียนโปรแกรมเชิงแข่งขัน,Competitive Programming,3,3,3
CP352104,หัวข้อพิเศษทางปัญญาประดิษฐ์และวิทยาการข้อมูล,Special Topics in Artificial Intelligence and Data Science,3,3,3
CP352201,เทคโนโลยีการออกแบบเว็บ,Web Design Technologies,3,3,3
CP352202,การเขียนโปรแกรมสำหรับโมบายแอปพลิเคชัน,Programming for Mobile Application,3,3,3
CP352203,การพัฒนาเกมคอมพิวเตอร์,Computer Game Development,3,3,3
CP352204,การวิเคราะห์และออกแบบระบบ,System Analysis and Design,3,3,3
CP352205,หัวข้อพิเศษทางการพัฒนาสื่อผสมและโปรแกรมประยุกต์,Special Topics in Multimedia and Application Development,3,3,3
CP352301,การเขียนโปรแกรมสคริปต์,Script Programming,3,3,3
CP352302,เครือข่ายสื่อสารไร้สายและเคลื่อนที่,Wireless and Mobile Communication Networks,3,3,3
CP352303,หัวข้อพิเศษทางระบบและเครือข่ายอัจฉริยะ,Special Topics in Smart System and Intelligent Network,3,3,3
CP353001,ระบบปฏิบัติการและการเขียนโปรแกรมซีสเต็มคอล,Operating Systems and System Calls Programming,3,3,3
CP353002,หลักการออกแบบพัฒนาซอฟต์แวร์,Principles of Software Design and Development,3,3,3
CP353003,ปัญญาประดิษฐ์,Artificial Intelligence,3,3,3
CP353004,วิศวกรรมซอฟต์แวร์,Software Engineering,3,3,3
CP353005,ทฤษฎีการคำนวณ,Theory of Computation,3,3,3
CP353101,วิศวกรรมข้อมูล,Data Engineering,3,3,3
CP353102,เครื่องจักรเรียนรู้ขั้นนำ,Introduction to Machine Learning,3,3,3
CP353103,การวิเคราะห์และการประยุกต์ข้อมูล,Data Analytics and Application,3,3,3
CP353104,หลักภาษาโปรแกรม,Principles of Programming Languages,3,3,3
CP353105,การออกแบบภาษาโปรแกรม,Programming Language Design,3,3,3
CP353106,การค้นคืนสารสนเทศ,Information Retrieval,3,3,3
CP353107,การจัดการความรู้,Knowledge Management,3,3,3
CP353108,โครงข่ายประสาทและการเรียนรู้เชิงลึก,Neural Network and Deep Learning,3,3,3
SC313506,พื้นฐานการทวนสอบเชิงรูปนัย,FUNDAMENTALS OF FORMAL VERIFICATION,3,3,3
CP353202,การพัฒนาโปรแกรมประยุกต์สาหรับองค์กร,Enterprise Application Development,3,3,3
CP353109,การประมวลผลภาษาธรรมชาติ,Natural Language Processing,3,3,3
CP353110,ปฏิบัติการปัญญาประดิษฐ์,Artificial Intelligence Workshop,3,3,3
CP353111,การเขียนโปรแกรมคอมพิวเตอร์ควอนตัม,Quantum Computer Programming,3,3,3
CP353201,การประกันคุณภาพซอฟต์แวร์,Software Quality Assurance,3,3,3
